sample_id,pdb_id,kinase_name,num_residues,num_edges,conformation_class,seq_length,embedding_dim
EGFR_3w33_A,3w33,EGFR,297,2568.0,INACTIVE,426,1280
EGFR_4ll0_B,4ll0,EGFR,291,2436.0,ACTIVE,292,1280
EGFR_2ito_A,2ito,EGFR,303,2576.0,ACTIVE,338,1280
EGFR_4li5_A,4li5,EGFR,306,2648.0,ACTIVE,377,1280
EGFR_4jq8_A,4jq8,EGFR,304,2565.0,ACTIVE,325,1280
EGFR_3lzb_B,3lzb,EGFR,261,2274.0,INACTIVE,283,1280
EGFR_4r5s_A,4r5s,EGFR,299,2560.0,ACTIVE,322,1280
EGFR_3vjo_A,3vjo,EGFR,298,2586.0,ACTIVE,308,1280
EGFR_3w32_A,3w32,EGFR,317,2757.0,INACTIVE,401,1280
EGFR_3lzb_A,3lzb,EGFR,261,2274.0,INACTIVE,283,1280
EGFR_4lqm_A,4lqm,EGFR,305,2605.0,ACTIVE,433,1280
EGFR_3w2s_A,3w2s,EGFR,307,2649.0,INACTIVE,360,1280
EGFR_2itu_A,2itu,EGFR,304,2597.0,ACTIVE,397,1280
EGFR_4lrm_C,4lrm,EGFR,293,2456.0,ACTIVE,296,1280
EGFR_4rix_B,4rix,EGFR,297,2516.0,ACTIVE,299,1280
EGFR_4lrm_D,4lrm,EGFR,293,2456.0,ACTIVE,296,1280
EGFR_4jq7_A,4jq7,EGFR,304,2582.0,ACTIVE,329,1280
EGFR_3ika_A,3ika,EGFR,310,2762.0,ACTIVE,387,1280
EGFR_2itz_A,2itz,EGFR,302,2601.0,ACTIVE,370,1280
EGFR_5cnn_B,5cnn,EGFR,300,2602.0,INACTIVE,438,1280
EGFR_2ity_A,2ity,EGFR,300,2593.0,ACTIVE,320,1280
EGFR_5cnn_A,5cnn,EGFR,300,2602.0,INACTIVE,438,1280
EGFR_2itn_A,2itn,EGFR,304,2598.0,ACTIVE,459,1280
EGFR_3ug2_A,3ug2,EGFR,299,2570.0,ACTIVE,356,1280
EGFR_4ll0_A,4ll0,EGFR,291,2436.0,ACTIVE,292,1280
EGFR_4rj7_A,4rj7,EGFR,295,2511.0,ACTIVE,325,1280
EGFR_4riy_B,4riy,EGFR,297,2498.0,ACTIVE,299,1280
EGFR_4g5j_A,4g5j,EGFR,307,2599.0,ACTIVE,336,1280
EGFR_2gs7_B,2gs7,EGFR,281,2451.0,INACTIVE,370,1280
EGFR_2jiv_B,2jiv,EGFR,270,2307.0,INACTIVE,314,1280
EGFR_2itq_A,2itq,EGFR,300,2581.0,ACTIVE,358,1280
EGFR_2eb3_A,2eb3,EGFR,294,2537.0,ACTIVE,296,1280
EGFR_3lzb_C,3lzb,EGFR,261,2274.0,INACTIVE,283,1280
EGFR_2itw_A,2itw,EGFR,300,2602.0,ACTIVE,374,1280
EGFR_4g5p_A,4g5p,EGFR,303,2594.0,ACTIVE,327,1280
EGFR_4lrm_E,4lrm,EGFR,293,2456.0,ACTIVE,296,1280
EGFR_3w2r_A,3w2r,EGFR,297,2566.0,INACTIVE,375,1280
EGFR_3lzb_D,3lzb,EGFR,261,2274.0,INACTIVE,283,1280
EGFR_2itv_A,2itv,EGFR,303,2613.0,ACTIVE,453,1280
EGFR_4i22_A,4i22,EGFR,297,2600.0,INACTIVE,434,1280
EGFR_3w2p_A,3w2p,EGFR,308,2637.0,ACTIVE,413,1280
EGFR_4i24_A,4i24,EGFR,304,2648.0,INACTIVE,429,1280
EGFR_4rj6_A,4rj6,EGFR,297,2533.0,ACTIVE,303,1280
EGFR_4hjo_A,4hjo,EGFR,278,2434.0,INACTIVE,313,1280
EGFR_4wkq_A,4wkq,EGFR,297,2550.0,ACTIVE,421,1280
EGFR_4riw_D,4riw,EGFR,293,2488.0,ACTIVE,295,1280
EGFR_2gs7_A,2gs7,EGFR,281,2451.0,INACTIVE,370,1280
EGFR_1xkk_A,1xkk,EGFR,289,2529.0,INACTIVE,369,1280
EGFR_3w2q_A,3w2q,EGFR,307,2637.0,ACTIVE,405,1280
EGFR_3gt8_B,3gt8,EGFR,296,2568.0,INACTIVE,305,1280
EGFR_2jiv_A,2jiv,EGFR,270,2307.0,INACTIVE,314,1280
EGFR_4riy_D,4riy,EGFR,297,2498.0,ACTIVE,299,1280
EGFR_4lrm_A,4lrm,EGFR,293,2456.0,ACTIVE,296,1280
EGFR_4jrv_A,4jrv,EGFR,301,2526.0,ACTIVE,322,1280
EGFR_2jiu_A,2jiu,EGFR,309,2694.0,ACTIVE,332,1280
EGFR_3gt8_D,3gt8,EGFR,296,2568.0,INACTIVE,305,1280
EGFR_5cno_B,5cno,EGFR,300,2623.0,INACTIVE,570,1280
EGFR_1m17_A,1m17,EGFR,312,2570.0,ACTIVE,333,1280
EGFR_2j5f_A,2j5f,EGFR,308,2643.0,ACTIVE,368,1280
EGFR_2itx_A,2itx,EGFR,307,2618.0,ACTIVE,359,1280
EGFR_4rj4_A,4rj4,EGFR,299,2530.0,ACTIVE,303,1280
EGFR_3gt8_A,3gt8,EGFR,296,2568.0,INACTIVE,305,1280
EGFR_4lrm_B,4lrm,EGFR,293,2456.0,ACTIVE,296,1280
EGFR_4rix_D,4rix,EGFR,297,2516.0,ACTIVE,299,1280
EGFR_4i24_B,4i24,EGFR,304,2648.0,INACTIVE,429,1280
EGFR_4rj5_A,4rj5,EGFR,296,2504.0,ACTIVE,297,1280
EGFR_4i23_A,4i23,EGFR,304,2616.0,ACTIVE,305,1280
EGFR_2itp_A,2itp,EGFR,305,2630.0,ACTIVE,371,1280
EGFR_3vjn_A,3vjn,EGFR,297,2577.0,ACTIVE,328,1280
EGFR_4riw_B,4riw,EGFR,293,2488.0,ACTIVE,295,1280
EGFR_3gt8_C,3gt8,EGFR,296,2568.0,INACTIVE,305,1280
EGFR_5cno_A,5cno,EGFR,300,2623.0,INACTIVE,570,1280
EGFR_4jr3_A,4jr3,EGFR,304,2566.0,ACTIVE,324,1280
EGFR_2itt_A,2itt,EGFR,302,2588.0,ACTIVE,377,1280
EGFR_4rj8_A,4rj8,EGFR,298,2524.0,ACTIVE,335,1280
EGFR_2j6m_A,2j6m,EGFR,306,2603.0,ACTIVE,373,1280
EGFR_5edq_A,5edq,EGFR,298,2538.0,ACTIVE,299,1280
EGFR_5cal_A,5cal,EGFR,300,2549.0,ACTIVE,301,1280
EGFR_5cau_A,5cau,EGFR,297,2547.0,ACTIVE,400,1280
EGFR_5cav_A,5cav,EGFR,306,2637.0,ACTIVE,309,1280
EGFR_5cap_A,5cap,EGFR,303,2584.0,ACTIVE,348,1280
EGFR_5c8n_A,5c8n,EGFR,300,2561.0,ACTIVE,408,1280
EGFR_5c8k_A,5c8k,EGFR,300,2542.0,ACTIVE,301,1280
EGFR_5c8m_A,5c8m,EGFR,302,2528.0,ACTIVE,303,1280
EGFR_5can_A,5can,EGFR,301,2551.0,ACTIVE,307,1280
EGFR_5caq_A,5caq,EGFR,301,2569.0,ACTIVE,382,1280
EGFR_5cas_A,5cas,EGFR,299,2560.0,ACTIVE,435,1280
EGFR_5cao_A,5cao,EGFR,300,2518.0,ACTIVE,306,1280
EGFR_5edr_A,5edr,EGFR,299,2540.0,ACTIVE,357,1280
EGFR_4zau_A,4zau,EGFR,283,2431.0,ACTIVE,288,1280
EGFR_5em7_A,5em7,EGFR,300,2553.0,ACTIVE,302,1280
EGFR_5em6_A,5em6,EGFR,301,2553.0,ACTIVE,309,1280
EGFR_5em8_A,5em8,EGFR,303,2583.0,ACTIVE,304,1280
EGFR_5em5_A,5em5,EGFR,298,2498.0,ACTIVE,307,1280
EGFR_5hg7_A,5hg7,EGFR,280,2453.0,INACTIVE,501,1280
EGFR_5hg5_A,5hg5,EGFR,302,2555.0,INACTIVE,640,1280
EGFR_5hg9_A,5hg9,EGFR,280,2450.0,INACTIVE,422,1280
EGFR_5hg8_A,5hg8,EGFR,300,2564.0,INACTIVE,513,1280
EGFR_5hib_A,5hib,EGFR,314,2683.0,ACTIVE,315,1280
EGFR_5hic_A,5hic,EGFR,302,2571.0,ACTIVE,403,1280
EGFR_4wd5_A,4wd5,EGFR,304,2685.0,ACTIVE,311,1280
EGFR_5d41_B,5d41,EGFR,300,2629.0,INACTIVE,518,1280
EGFR_4zse_C,4zse,EGFR,297,2606.0,INACTIVE,464,1280
EGFR_4zse_D,4zse,EGFR,297,2606.0,INACTIVE,464,1280
EGFR_5d41_A,5d41,EGFR,300,2629.0,INACTIVE,518,1280
EGFR_4zse_B,4zse,EGFR,297,2606.0,INACTIVE,464,1280
EGFR_4zse_A,4zse,EGFR,297,2606.0,INACTIVE,464,1280
EGFR_2rgp_A,2rgp,EGFR,284,2472.0,INACTIVE,372,1280
EGFR_3bel_A,3bel,EGFR,280,2444.0,INACTIVE,310,1280
EGFR_5fee_A,5fee,EGFR,287,2465.0,ACTIVE,299,1280
EGFR_5fed_A,5fed,EGFR,288,2482.0,ACTIVE,316,1280
EGFR_5feq_A,5feq,EGFR,290,2500.0,ACTIVE,292,1280
EGFR_5j9y_A,5j9y,EGFR,300,2544.0,ACTIVE,313,1280
EGFR_5j9z_A,5j9z,EGFR,291,2492.0,ACTIVE,313,1280
EGFR_5jeb_A,5jeb,EGFR,299,2559.0,ACTIVE,302,1280
EGFR_5hcy_A,5hcy,EGFR,302,2575.0,ACTIVE,394,1280
EGFR_5hcx_A,5hcx,EGFR,298,2541.0,ACTIVE,307,1280
EGFR_5hcz_A,5hcz,EGFR,300,2576.0,ACTIVE,312,1280
EGFR_3poz_A,3poz,EGFR,293,2545.0,INACTIVE,423,1280
EGFR_5u8l_A,5u8l,EGFR,289,2515.0,INACTIVE,555,1280
EGFR_5uga_A,5uga,EGFR,283,2467.0,INACTIVE,449,1280
EGFR_5ug9_A,5ug9,EGFR,280,2451.0,INACTIVE,589,1280
EGFR_5ug8_A,5ug8,EGFR,280,2431.0,INACTIVE,566,1280
EGFR_5ugb_A,5ugb,EGFR,307,2625.0,ACTIVE,316,1280
EGFR_5ugc_A,5ugc,EGFR,280,2459.0,INACTIVE,477,1280
EGFR_5gnk_A,5gnk,EGFR,277,2409.0,ACTIVE,549,1280
EGFR_5gmp_A,5gmp,EGFR,305,2643.0,ACTIVE,337,1280
EGFR_5gty_H,5gty,EGFR,297,2591.0,INACTIVE,317,1280
EGFR_5gty_F,5gty,EGFR,297,2591.0,INACTIVE,317,1280
EGFR_5gtz_A,5gtz,EGFR,317,2713.0,ACTIVE,377,1280
EGFR_5gty_C,5gty,EGFR,297,2591.0,INACTIVE,317,1280
EGFR_5gty_G,5gty,EGFR,297,2591.0,INACTIVE,317,1280
EGFR_5gty_A,5gty,EGFR,297,2591.0,INACTIVE,317,1280
EGFR_5gty_B,5gty,EGFR,297,2591.0,INACTIVE,317,1280
EGFR_5gty_E,5gty,EGFR,297,2591.0,INACTIVE,317,1280
EGFR_5gty_D,5gty,EGFR,297,2591.0,INACTIVE,317,1280
EGFR_5uwd_A,5uwd,EGFR,271,2363.0,INACTIVE,272,1280
EGFR_5xgm_A,5xgm,EGFR,288,2449.0,ACTIVE,313,1280
EGFR_5xgn_A,5xgn,EGFR,308,2696.0,ACTIVE,341,1280
EGFR_5xdk_A,5xdk,EGFR,307,2656.0,ACTIVE,415,1280
EGFR_5xdl_A,5xdl,EGFR,292,2505.0,ACTIVE,312,1280
EGFR_3w2o_A,3w2o,EGFR,305,2625.0,ACTIVE,343,1280
EGFR_5yu9_A,5yu9,EGFR,300,2621.0,INACTIVE,509,1280
EGFR_5yu9_D,5yu9,EGFR,300,2621.0,INACTIVE,509,1280
EGFR_5yu9_C,5yu9,EGFR,300,2621.0,INACTIVE,509,1280
EGFR_5yu9_B,5yu9,EGFR,300,2621.0,INACTIVE,509,1280
EGFR_5x2c_B,5x2c,EGFR,304,2653.0,INACTIVE,571,1280
EGFR_5x2a_B,5x2a,EGFR,322,2756.0,INACTIVE,646,1280
EGFR_5x2f_C,5x2f,EGFR,312,2699.0,INACTIVE,405,1280
EGFR_5x2f_D,5x2f,EGFR,312,2699.0,INACTIVE,405,1280
EGFR_5x2a_D,5x2a,EGFR,322,2756.0,INACTIVE,646,1280
EGFR_5x2a_A,5x2a,EGFR,322,2756.0,INACTIVE,646,1280
EGFR_5x2a_C,5x2a,EGFR,322,2756.0,INACTIVE,646,1280
EGFR_5x27_A,5x27,EGFR,302,2599.0,ACTIVE,335,1280
EGFR_5x2f_A,5x2f,EGFR,312,2699.0,INACTIVE,405,1280
EGFR_5x26_A,5x26,EGFR,302,2605.0,ACTIVE,342,1280
EGFR_5x28_A,5x28,EGFR,310,2664.0,ACTIVE,354,1280
EGFR_5x2f_B,5x2f,EGFR,312,2699.0,INACTIVE,405,1280
EGFR_5x2c_A,5x2c,EGFR,304,2653.0,INACTIVE,571,1280
EGFR_5x2k_A,5x2k,EGFR,314,2667.0,ACTIVE,324,1280
EGFR_5y9t_A,5y9t,EGFR,300,2582.0,ACTIVE,301,1280
EGFR_5zwj_A,5zwj,EGFR,267,2276.0,INACTIVE,292,1280
EGFR_5y25_A,5y25,EGFR,292,2483.0,ACTIVE,293,1280
EGFR_6d8e_A,6d8e,EGFR,304,2602.0,ACTIVE,317,1280
EGFR_6duk_E,6duk,EGFR,296,2561.0,INACTIVE,398,1280
EGFR_6duk_B,6duk,EGFR,296,2561.0,INACTIVE,398,1280
EGFR_6duk_C,6duk,EGFR,296,2561.0,INACTIVE,398,1280
EGFR_6duk_D,6duk,EGFR,296,2561.0,INACTIVE,398,1280
EGFR_6duk_F,6duk,EGFR,296,2561.0,INACTIVE,398,1280
EGFR_6duk_A,6duk,EGFR,296,2561.0,INACTIVE,398,1280
EGFR_5zto_A,5zto,EGFR,294,2505.0,ACTIVE,334,1280
EGFR_6s89_A,6s89,EGFR,310,2683.0,ACTIVE,312,1280
EGFR_6s8a_A,6s8a,EGFR,313,2736.0,ACTIVE,317,1280
EGFR_6s9d_A,6s9d,EGFR,300,2546.0,ACTIVE,349,1280
EGFR_6s9c_A,6s9c,EGFR,301,2546.0,ACTIVE,323,1280
EGFR_6s9b_A,6s9b,EGFR,291,2519.0,ACTIVE,292,1280
EGFR_6jz0_A,6jz0,EGFR,311,2592.0,ACTIVE,314,1280
EGFR_6p1d_D,6p1d,EGFR,300,2662.0,INACTIVE,387,1280
EGFR_6p8q_B,6p8q,EGFR,309,2664.0,INACTIVE,614,1280
EGFR_6p1d_A,6p1d,EGFR,300,2662.0,INACTIVE,387,1280
EGFR_6p1l_B,6p1l,EGFR,288,2474.0,INACTIVE,296,1280
EGFR_6p1d_C,6p1d,EGFR,300,2662.0,INACTIVE,387,1280
EGFR_6p1l_D,6p1l,EGFR,288,2474.0,INACTIVE,296,1280
EGFR_6p8q_D,6p8q,EGFR,309,2664.0,INACTIVE,614,1280
EGFR_6p1d_B,6p1d,EGFR,300,2662.0,INACTIVE,387,1280
EGFR_6p8q_A,6p8q,EGFR,309,2664.0,INACTIVE,614,1280
EGFR_6p1l_C,6p1l,EGFR,288,2474.0,INACTIVE,296,1280
EGFR_6p1l_A,6p1l,EGFR,288,2474.0,INACTIVE,296,1280
EGFR_6p8q_C,6p8q,EGFR,309,2664.0,INACTIVE,614,1280
EGFR_6jrx_A,6jrx,EGFR,300,2622.0,ACTIVE,365,1280
EGFR_6jrj_A,6jrj,EGFR,288,2455.0,ACTIVE,321,1280
EGFR_6jrk_A,6jrk,EGFR,283,2418.0,ACTIVE,306,1280
EGFR_6v66_C,6v66,EGFR,314,2742.0,INACTIVE,577,1280
EGFR_6v5n_C,6v5n,EGFR,294,2543.0,INACTIVE,360,1280
EGFR_6v6k_G,6v6k,EGFR,301,2619.0,INACTIVE,383,1280
EGFR_6v5n_B,6v5n,EGFR,294,2543.0,INACTIVE,360,1280
EGFR_6v6o_B,6v6o,EGFR,297,2585.0,INACTIVE,518,1280
EGFR_6v5p_D,6v5p,EGFR,308,2712.0,INACTIVE,410,1280
EGFR_6v6k_A,6v6k,EGFR,301,2619.0,INACTIVE,383,1280
EGFR_6v6k_H,6v6k,EGFR,301,2619.0,INACTIVE,383,1280
EGFR_6v6o_A,6v6o,EGFR,297,2585.0,INACTIVE,518,1280
EGFR_6v6k_E,6v6k,EGFR,301,2619.0,INACTIVE,383,1280
EGFR_6v5n_A,6v5n,EGFR,294,2543.0,INACTIVE,360,1280
EGFR_6v5n_D,6v5n,EGFR,294,2543.0,INACTIVE,360,1280
EGFR_6v6o_C,6v6o,EGFR,297,2585.0,INACTIVE,518,1280
EGFR_6vhn_A,6vhn,EGFR,286,2419.0,ACTIVE,379,1280
EGFR_6v6k_C,6v6k,EGFR,301,2619.0,INACTIVE,383,1280
EGFR_6v5p_A,6v5p,EGFR,308,2712.0,INACTIVE,410,1280
EGFR_6jwl_A,6jwl,EGFR,319,2730.0,ACTIVE,386,1280
EGFR_6v5p_B,6v5p,EGFR,308,2712.0,INACTIVE,410,1280
EGFR_6v6o_G,6v6o,EGFR,297,2585.0,INACTIVE,518,1280
EGFR_6jx0_A,6jx0,EGFR,289,2500.0,ACTIVE,426,1280
EGFR_6jx4_A,6jx4,EGFR,315,2738.0,ACTIVE,368,1280
EGFR_6v66_A,6v66,EGFR,314,2742.0,INACTIVE,577,1280
EGFR_6v66_B,6v66,EGFR,314,2742.0,INACTIVE,577,1280
EGFR_6v6o_E,6v6o,EGFR,297,2585.0,INACTIVE,518,1280
EGFR_6v5p_C,6v5p,EGFR,308,2712.0,INACTIVE,410,1280
EGFR_6v6k_B,6v6k,EGFR,301,2619.0,INACTIVE,383,1280
EGFR_6v6k_D,6v6k,EGFR,301,2619.0,INACTIVE,383,1280
EGFR_6vhp_A,6vhp,EGFR,308,2619.0,ACTIVE,309,1280
EGFR_6vh4_A,6vh4,EGFR,295,2495.0,ACTIVE,329,1280
EGFR_6v6o_H,6v6o,EGFR,297,2585.0,INACTIVE,518,1280
EGFR_6v6k_F,6v6k,EGFR,301,2619.0,INACTIVE,383,1280
EGFR_6v66_D,6v66,EGFR,314,2742.0,INACTIVE,577,1280
EGFR_6v6o_D,6v6o,EGFR,297,2585.0,INACTIVE,518,1280
EGFR_6v6o_F,6v6o,EGFR,297,2585.0,INACTIVE,518,1280
EGFR_6jxt_A,6jxt,EGFR,283,2458.0,INACTIVE,335,1280
EGFR_6tfw_B,6tfw,EGFR,266,2328.0,INACTIVE,304,1280
EGFR_6tfz_B,6tfz,EGFR,264,2297.0,INACTIVE,391,1280
EGFR_6tg1_A,6tg1,EGFR,268,2347.0,INACTIVE,404,1280
EGFR_6tfv_B,6tfv,EGFR,268,2342.0,INACTIVE,363,1280
EGFR_6tfy_B,6tfy,EGFR,264,2315.0,INACTIVE,360,1280
EGFR_6tfv_A,6tfv,EGFR,268,2342.0,INACTIVE,363,1280
EGFR_6tg1_B,6tg1,EGFR,268,2347.0,INACTIVE,404,1280
EGFR_6tg0_B,6tg0,EGFR,267,2320.0,INACTIVE,463,1280
EGFR_6tfy_A,6tfy,EGFR,264,2315.0,INACTIVE,360,1280
EGFR_6tg0_A,6tg0,EGFR,267,2320.0,INACTIVE,463,1280
EGFR_6tfw_A,6tfw,EGFR,266,2328.0,INACTIVE,304,1280
EGFR_6tfu_A,6tfu,EGFR,260,2252.0,INACTIVE,295,1280
EGFR_6tfz_A,6tfz,EGFR,264,2297.0,INACTIVE,391,1280
EGFR_6tfu_B,6tfu,EGFR,260,2252.0,INACTIVE,295,1280
EGFR_6lub_A,6lub,EGFR,301,2589.0,ACTIVE,394,1280
EGFR_6lud_A,6lud,EGFR,310,2673.0,ACTIVE,364,1280
EGFR_7a2a_A,7a2a,EGFR,266,2306.0,INACTIVE,335,1280
EGFR_6z4d_B,6z4d,EGFR,269,2360.0,INACTIVE,371,1280
EGFR_7a2a_B,7a2a,EGFR,266,2306.0,INACTIVE,335,1280
EGFR_6z4d_A,6z4d,EGFR,269,2360.0,INACTIVE,371,1280
EGFR_6z4b_A,6z4b,EGFR,271,2346.0,INACTIVE,298,1280
EGFR_6wak_C,6wak,EGFR,297,2572.0,INACTIVE,347,1280
EGFR_6wa2_A,6wa2,EGFR,314,2729.0,INACTIVE,371,1280
EGFR_7aem_A,7aem,EGFR,312,2629.0,ACTIVE,321,1280
EGFR_6wa2_B,6wa2,EGFR,314,2729.0,INACTIVE,371,1280
EGFR_6wak_D,6wak,EGFR,297,2572.0,INACTIVE,347,1280
EGFR_6wak_B,6wak,EGFR,297,2572.0,INACTIVE,347,1280
EGFR_6wa2_C,6wa2,EGFR,314,2729.0,INACTIVE,371,1280
EGFR_6wa2_D,6wa2,EGFR,314,2729.0,INACTIVE,371,1280
EGFR_6wak_A,6wak,EGFR,297,2572.0,INACTIVE,347,1280
EGFR_7aei_A,7aei,EGFR,315,2662.0,ACTIVE,327,1280
EGFR_6xl4_A,6xl4,EGFR,293,2536.0,INACTIVE,374,1280
EGFR_7jxp_A,7jxp,EGFR,308,2677.0,INACTIVE,402,1280
EGFR_7jxk_A,7jxk,EGFR,293,2544.0,INACTIVE,295,1280
EGFR_7jxi_A,7jxi,EGFR,290,2500.0,INACTIVE,291,1280
EGFR_7jxq_A,7jxq,EGFR,296,2559.0,INACTIVE,419,1280
EGFR_7jxw_A,7jxw,EGFR,288,2490.0,INACTIVE,310,1280
EGFR_7jxm_A,7jxm,EGFR,287,2468.0,INACTIVE,344,1280
EGFR_7jxl_A,7jxl,EGFR,294,2589.0,INACTIVE,332,1280
EGFR_7lgs_A,7lgs,EGFR,283,2445.0,ACTIVE,313,1280
EGFR_7k1h_A,7k1h,EGFR,291,2523.0,INACTIVE,316,1280
EGFR_7k1i_A,7k1i,EGFR,288,2507.0,INACTIVE,291,1280
EGFR_7oxb_A,7oxb,EGFR,305,2562.0,ACTIVE,337,1280
EGFR_7ky0_A,7ky0,EGFR,288,2504.0,INACTIVE,289,1280
EGFR_7kxz_A,7kxz,EGFR,299,2600.0,ACTIVE,344,1280
EGFR_7ltx_A,7ltx,EGFR,292,2524.0,INACTIVE,324,1280
EGFR_7a6i_A,7a6i,EGFR,282,2463.0,ACTIVE,308,1280
EGFR_7a6k_A,7a6k,EGFR,266,2296.0,INACTIVE,304,1280
EGFR_7a6j_A,7a6j,EGFR,270,2370.0,INACTIVE,359,1280
EGFR_7lg8_A,7lg8,EGFR,280,2369.0,INACTIVE,285,1280
EGFR_7b85_A,7b85,EGFR,312,2708.0,ACTIVE,320,1280
EGFR_7er2_A,7er2,EGFR,292,2525.0,ACTIVE,309,1280
EGFR_7vra_A,7vra,EGFR,289,2509.0,ACTIVE,302,1280
EGFR_7vre_A,7vre,EGFR,312,2697.0,ACTIVE,321,1280
EGFR_8d73_A,8d73,EGFR,309,2664.0,ACTIVE,639,1280
EGFR_8d76_A,8d76,EGFR,312,2725.0,ACTIVE,626,1280
EGFR_8a27_A,8a27,EGFR,269,2371.0,INACTIVE,646,1280
EGFR_8a2b_A,8a2b,EGFR,272,2382.0,INACTIVE,441,1280
EGFR_8a2d_A,8a2d,EGFR,281,2481.0,INACTIVE,671,1280
EGFR_8a2a_A,8a2a,EGFR,306,2664.0,INACTIVE,529,1280
EGFR_7t4i_A,7t4i,EGFR,309,2655.0,ACTIVE,364,1280
EGFR_7u98_A,7u98,EGFR,287,2441.0,INACTIVE,288,1280
EGFR_7u9a_A,7u9a,EGFR,296,2546.0,ACTIVE,321,1280
EGFR_7ukv_A,7ukv,EGFR,290,2517.0,ACTIVE,333,1280
EGFR_7t4j_A,7t4j,EGFR,279,2481.0,ACTIVE,331,1280
EGFR_7u99_A,7u99,EGFR,305,2660.0,ACTIVE,330,1280
EGFR_7zyq_A,7zyq,EGFR,270,2326.0,INACTIVE,348,1280
EGFR_7zyp_A,7zyp,EGFR,305,2570.0,ACTIVE,309,1280
EGFR_7zym_A,7zym,EGFR,321,2784.0,ACTIVE,344,1280
EGFR_7zyn_A,7zyn,EGFR,317,2738.0,ACTIVE,383,1280
EGFR_8g63_A,8g63,EGFR,280,2443.0,ACTIVE,310,1280
EGFR_8f1z_A,8f1z,EGFR,310,2665.0,ACTIVE,363,1280
EGFR_8f1y_A,8f1y,EGFR,293,2489.0,ACTIVE,302,1280
EGFR_8hy7_A,8hy7,EGFR,299,2526.0,ACTIVE,326,1280
EGFR_8f1x_A,8f1x,EGFR,317,2744.0,ACTIVE,363,1280
EGFR_8f1w_A,8f1w,EGFR,303,2578.0,INACTIVE,304,1280
EGFR_8h7x_A,8h7x,EGFR,299,2550.0,ACTIVE,300,1280
EGFR_8dsw_A,8dsw,EGFR,307,2635.0,ACTIVE,334,1280
EGFR_8f1h_A,8f1h,EGFR,307,2668.0,ACTIVE,320,1280
EGFR_8hv9_A,8hv9,EGFR,306,2664.0,ACTIVE,417,1280
EGFR_8hv6_A,8hv6,EGFR,307,2659.0,ACTIVE,459,1280
EGFR_8hv5_A,8hv5,EGFR,306,2647.0,ACTIVE,416,1280
EGFR_8hv7_A,8hv7,EGFR,301,2593.0,ACTIVE,394,1280
EGFR_8hv3_A,8hv3,EGFR,307,2634.0,ACTIVE,444,1280
EGFR_8hv2_A,8hv2,EGFR,299,2550.0,ACTIVE,329,1280
EGFR_8hv1_A,8hv1,EGFR,309,2638.0,ACTIVE,384,1280
EGFR_8hv8_A,8hv8,EGFR,305,2640.0,ACTIVE,385,1280
EGFR_8wd4_A,8wd4,EGFR,299,2540.0,ACTIVE,338,1280
EGFR_8hv4_A,8hv4,EGFR,304,2647.0,ACTIVE,458,1280
EGFR_8hva_A,8hva,EGFR,301,2588.0,ACTIVE,302,1280
EGFR_8fv4_A,8fv4,EGFR,298,2583.0,INACTIVE,344,1280
EGFR_8fv3_A,8fv3,EGFR,299,2601.0,INACTIVE,376,1280
EGFR_8gb4_A,8gb4,EGFR,292,2527.0,INACTIVE,317,1280
EGFR_8tjl_A,8tjl,EGFR,306,2623.0,ACTIVE,321,1280
EGFR_8sc7_A,8sc7,EGFR,320,2684.0,ACTIVE,541,1280
EGFR_8gk5_A,8gk5,EGFR,294,2573.0,INACTIVE,332,1280
EGFR_8kfq_A,8kfq,EGFR,301,2569.0,ACTIVE,303,1280
EGFR_8to3_A,8to3,EGFR,291,2519.0,INACTIVE,309,1280
EGFR_8to4_A,8to4,EGFR,300,2542.0,INACTIVE,320,1280
EGFR_7lgs_D,7lgs,EGFR,283,2445.0,ACTIVE,313,1280
EGFR_7lgs_C,7lgs,EGFR,283,2445.0,ACTIVE,313,1280
EGFR_7lgs_B,7lgs,EGFR,283,2445.0,ACTIVE,313,1280
EGFR_8eme_B,8eme,EGFR,267,2210.0,INACTIVE,267,1280
EGFR_4r3r_A,4r3r,EGFR,309,2624.0,ACTIVE,357,1280
EGFR_4i20_A,4i20,EGFR,287,2535.0,INACTIVE,287,1280
EGFR_5edp_A,5edp,EGFR,295,2512.0,ACTIVE,295,1280
EGFR_2rfe_D,2rfe,EGFR,262,2310.0,INACTIVE,271,1280
EGFR_2rfe_A,2rfe,EGFR,262,2310.0,INACTIVE,271,1280
EGFR_2rf9_B,2rf9,EGFR,269,2322.0,INACTIVE,269,1280
EGFR_2jit_B,2jit,EGFR,299,2587.0,INACTIVE,324,1280
EGFR_2gs6_A,2gs6,EGFR,311,2681.0,ACTIVE,385,1280
EGFR_4wd5_B,4wd5,EGFR,304,2685.0,INACTIVE,311,1280
EGFR_4r3p_A,4r3p,EGFR,310,2625.0,ACTIVE,361,1280
EGFR_2j5e_A,2j5e,EGFR,310,2664.0,ACTIVE,371,1280
EGFR_7tvd_A,7tvd,EGFR,292,2512.0,ACTIVE,292,1280
EGFR_5xgn_B,5xgn,EGFR,308,2696.0,INACTIVE,341,1280
EGFR_3gop_A,3gop,EGFR,300,2510.0,INACTIVE,305,1280
EGFR_4zjv_A,4zjv,EGFR,282,2473.0,INACTIVE,323,1280
EGFR_6wxn_A,6wxn,EGFR,298,2605.0,INACTIVE,342,1280
EGFR_7sz7_A,7sz7,EGFR,614,5377.0,INACTIVE,614,1280
EGFR_3ika_B,3ika,EGFR,310,2762.0,INACTIVE,387,1280
EGFR_5czi_A,5czi,EGFR,310,2666.0,ACTIVE,432,1280
EGFR_7ukw_A,7ukw,EGFR,306,2635.0,INACTIVE,342,1280
EGFR_4tks_A,4tks,EGFR,307,2594.0,ACTIVE,307,1280
EGFR_2rfe_B,2rfe,EGFR,262,2310.0,INACTIVE,271,1280
EGFR_2rfd_A,2rfd,EGFR,286,2520.0,INACTIVE,286,1280
EGFR_5czh_A,5czh,EGFR,311,2662.0,ACTIVE,371,1280
EGFR_7sz0_A,7sz0,EGFR,614,5370.0,INACTIVE,614,1280
EGFR_2rf9_A,2rf9,EGFR,269,2322.0,UNKNOWN,269,1280
EGFR_7si1_A,7si1,EGFR,280,2267.0,ACTIVE,564,1280
EGFR_3ug1_A,3ug1,EGFR,296,2524.0,ACTIVE,306,1280
EGFR_4g5p_B,4g5p,EGFR,303,2594.0,INACTIVE,327,1280
EGFR_2gs2_A,2gs2,EGFR,305,2611.0,ACTIVE,329,1280
EGFR_1m14_A,1m14,EGFR,307,2533.0,ACTIVE,324,1280
EGFR_7syd_A,7syd,EGFR,614,5408.0,INACTIVE,614,1280
EGFR_2rfd_B,2rfd,EGFR,286,2520.0,INACTIVE,286,1280
EGFR_4zjv_B,4zjv,EGFR,282,2473.0,INACTIVE,323,1280
EGFR_7sz1_A,7sz1,EGFR,614,5325.0,INACTIVE,614,1280
EGFR_4wrg_A,4wrg,EGFR,290,2476.0,ACTIVE,403,1280
EGFR_2jit_A,2jit,EGFR,299,2587.0,ACTIVE,324,1280
EGFR_7sye_A,7sye,EGFR,614,5415.0,INACTIVE,614,1280
EGFR_2jiu_B,2jiu,EGFR,309,2694.0,INACTIVE,332,1280
EGFR_7sz5_A,7sz5,EGFR,614,5393.0,INACTIVE,614,1280
EGFR_2eb2_A,2eb2,EGFR,305,2634.0,ACTIVE,321,1280
EGFR_2rfe_C,2rfe,EGFR,262,2310.0,INACTIVE,271,1280
EGFR_8eme_A,8eme,EGFR,267,2210.0,INACTIVE,267,1280
BRAF_4jvg_C,4jvg,BRAF,259,2198.0,INACTIVE,260,1280
BRAF_4e4x_A,4e4x,BRAF,274,2329.0,INACTIVE,275,1280
BRAF_4dbn_A,4dbn,BRAF,263,2269.0,INACTIVE,278,1280
BRAF_4pp7_B,4pp7,BRAF,267,2259.0,INACTIVE,268,1280
BRAF_3d4q_A,3d4q,BRAF,264,2316.0,ACTIVE,279,1280
BRAF_4wo5_A,4wo5,BRAF,257,2167.0,INACTIVE,300,1280
BRAF_3tv4_A,3tv4,BRAF,276,2330.0,INACTIVE,277,1280
BRAF_4mnf_A,4mnf,BRAF,257,2234.0,ACTIVE,315,1280
BRAF_4ksq_B,4ksq,BRAF,258,2162.0,INACTIVE,259,1280
BRAF_4jvg_A,4jvg,BRAF,259,2198.0,INACTIVE,260,1280
BRAF_4mnf_B,4mnf,BRAF,257,2234.0,ACTIVE,315,1280
BRAF_3tv6_A,3tv6,BRAF,276,2343.0,INACTIVE,277,1280
BRAF_4mbj_B,4mbj,BRAF,269,2285.0,INACTIVE,270,1280
BRAF_3og7_A,3og7,BRAF,254,2227.0,INACTIVE,278,1280
BRAF_4ksp_A,4ksp,BRAF,256,2132.0,INACTIVE,281,1280
BRAF_4jvg_D,4jvg,BRAF,259,2198.0,INACTIVE,260,1280
BRAF_4wo5_B,4wo5,BRAF,257,2167.0,INACTIVE,300,1280
BRAF_3d4q_B,3d4q,BRAF,264,2316.0,ACTIVE,279,1280
BRAF_1uwh_A,1uwh,BRAF,264,2269.0,INACTIVE,281,1280
BRAF_2fb8_A,2fb8,BRAF,259,2245.0,ACTIVE,274,1280
BRAF_3skc_A,3skc,BRAF,276,2383.0,INACTIVE,277,1280
BRAF_3c4c_B,3c4c,BRAF,258,2148.0,UNKNOWN,346,1280
BRAF_4ehe_B,4ehe,BRAF,266,2268.0,INACTIVE,267,1280
BRAF_3psd_B,3psd,BRAF,262,2257.0,ACTIVE,263,1280
BRAF_4ehg_A,4ehg,BRAF,260,2202.0,INACTIVE,261,1280
BRAF_3c4c_A,3c4c,BRAF,258,2148.0,INACTIVE,346,1280
BRAF_4g9r_B,4g9r,BRAF,262,2249.0,INACTIVE,263,1280
BRAF_4ksq_A,4ksq,BRAF,258,2162.0,INACTIVE,259,1280
BRAF_4e26_B,4e26,BRAF,270,2299.0,ACTIVE,312,1280
BRAF_4g9c_A,4g9c,BRAF,264,2262.0,INACTIVE,265,1280
BRAF_4ksp_B,4ksp,BRAF,256,2132.0,INACTIVE,281,1280
BRAF_3pri_B,3pri,BRAF,264,2323.0,ACTIVE,265,1280
BRAF_1uwj_A,1uwj,BRAF,263,2226.0,INACTIVE,264,1280
BRAF_4g9c_B,4g9c,BRAF,264,2262.0,INACTIVE,265,1280
BRAF_3skc_B,3skc,BRAF,276,2383.0,INACTIVE,277,1280
BRAF_4jvg_B,4jvg,BRAF,259,2198.0,INACTIVE,260,1280
BRAF_4fc0_B,4fc0,BRAF,254,2155.0,INACTIVE,347,1280
BRAF_3ii5_A,3ii5,BRAF,257,2158.0,INACTIVE,266,1280
BRAF_2fb8_B,2fb8,BRAF,259,2245.0,ACTIVE,274,1280
BRAF_4dbn_B,4dbn,BRAF,263,2269.0,INACTIVE,278,1280
BRAF_4e4x_B,4e4x,BRAF,274,2329.0,INACTIVE,275,1280
BRAF_3ppj_B,3ppj,BRAF,262,2299.0,ACTIVE,263,1280
BRAF_3q96_A,3q96,BRAF,262,2207.0,INACTIVE,263,1280
BRAF_3prf_A,3prf,BRAF,262,2250.0,ACTIVE,263,1280
BRAF_4cqe_A,4cqe,BRAF,248,2120.0,INACTIVE,271,1280
BRAF_5c9c_A,5c9c,BRAF,251,2155.0,INACTIVE,308,1280
BRAF_1uwj_B,1uwj,BRAF,263,2226.0,INACTIVE,264,1280
BRAF_3ppk_A,3ppk,BRAF,264,2293.0,ACTIVE,265,1280
BRAF_3ii5_B,3ii5,BRAF,257,2158.0,INACTIVE,266,1280
BRAF_4fk3_A,4fk3,BRAF,257,2224.0,INACTIVE,265,1280
BRAF_3q96_B,3q96,BRAF,262,2207.0,INACTIVE,263,1280
BRAF_3idp_A,3idp,BRAF,256,2159.0,INACTIVE,297,1280
BRAF_4cqe_B,4cqe,BRAF,248,2120.0,INACTIVE,271,1280
BRAF_4e26_A,4e26,BRAF,270,2299.0,ACTIVE,312,1280
BRAF_4ehg_B,4ehg,BRAF,260,2202.0,INACTIVE,261,1280
BRAF_4mbj_A,4mbj,BRAF,269,2285.0,INACTIVE,270,1280
BRAF_3ppj_A,3ppj,BRAF,262,2299.0,ACTIVE,263,1280
BRAF_3ppk_B,3ppk,BRAF,264,2293.0,ACTIVE,265,1280
BRAF_5c9c_B,5c9c,BRAF,251,2155.0,INACTIVE,308,1280
BRAF_3pri_A,3pri,BRAF,264,2323.0,ACTIVE,265,1280
BRAF_1uwh_B,1uwh,BRAF,264,2269.0,INACTIVE,281,1280
BRAF_3tv6_B,3tv6,BRAF,276,2343.0,INACTIVE,277,1280
BRAF_4h58_A,4h58,BRAF,272,2347.0,ACTIVE,275,1280
BRAF_4pp7_A,4pp7,BRAF,267,2259.0,INACTIVE,268,1280
BRAF_4g9r_A,4g9r,BRAF,262,2249.0,INACTIVE,263,1280
BRAF_3psb_A,3psb,BRAF,264,2258.0,ACTIVE,265,1280
BRAF_3idp_B,3idp,BRAF,256,2159.0,INACTIVE,297,1280
BRAF_4ehe_A,4ehe,BRAF,266,2268.0,INACTIVE,267,1280
BRAF_4fc0_A,4fc0,BRAF,254,2155.0,INACTIVE,347,1280
BRAF_3psb_B,3psb,BRAF,264,2258.0,ACTIVE,265,1280
BRAF_3prf_B,3prf,BRAF,262,2250.0,ACTIVE,263,1280
BRAF_3tv4_B,3tv4,BRAF,276,2330.0,INACTIVE,277,1280
BRAF_3psd_A,3psd,BRAF,262,2257.0,ACTIVE,263,1280
BRAF_5ct7_A,5ct7,BRAF,254,2189.0,INACTIVE,255,1280
BRAF_5ct7_B,5ct7,BRAF,254,2189.0,INACTIVE,255,1280
BRAF_4xv2_A,4xv2,BRAF,249,2124.0,INACTIVE,276,1280
BRAF_4xv1_A,4xv1,BRAF,249,2156.0,INACTIVE,264,1280
BRAF_4xv9_A,4xv9,BRAF,261,2253.0,INACTIVE,514,1280
BRAF_4xv3_A,4xv3,BRAF,238,1990.0,INACTIVE,257,1280
BRAF_4xv2_B,4xv2,BRAF,249,2124.0,INACTIVE,276,1280
BRAF_4r5y_B,4r5y,BRAF,253,2132.0,INACTIVE,254,1280
BRAF_4r5y_A,4r5y,BRAF,253,2132.0,INACTIVE,254,1280
BRAF_5csw_B,5csw,BRAF,254,2157.0,INACTIVE,264,1280
BRAF_5csw_A,5csw,BRAF,254,2157.0,INACTIVE,264,1280
BRAF_5csx_A,5csx,BRAF,261,2201.0,INACTIVE,290,1280
BRAF_4yht_A,4yht,BRAF,258,2256.0,ACTIVE,294,1280
BRAF_4yht_B,4yht,BRAF,258,2256.0,ACTIVE,294,1280
BRAF_5hie_C,5hie,BRAF,253,2171.0,INACTIVE,263,1280
BRAF_5hie_D,5hie,BRAF,253,2171.0,INACTIVE,263,1280
BRAF_5hi2_A,5hi2,BRAF,247,2136.0,INACTIVE,277,1280
BRAF_5hie_A,5hie,BRAF,253,2171.0,INACTIVE,263,1280
BRAF_5hid_B,5hid,BRAF,257,2182.0,INACTIVE,318,1280
BRAF_5hie_B,5hie,BRAF,253,2171.0,INACTIVE,263,1280
BRAF_5hid_A,5hid,BRAF,257,2182.0,INACTIVE,318,1280
BRAF_5fd2_B,5fd2,BRAF,264,2218.0,INACTIVE,295,1280
BRAF_5fd2_A,5fd2,BRAF,264,2218.0,INACTIVE,295,1280
BRAF_5jsm_B,5jsm,BRAF,265,2273.0,INACTIVE,360,1280
BRAF_5jrq_B,5jrq,BRAF,258,2263.0,INACTIVE,354,1280
BRAF_4rzw_A,4rzw,BRAF,252,2103.0,INACTIVE,253,1280
BRAF_5ita_A,5ita,BRAF,252,2160.0,INACTIVE,289,1280
BRAF_4rzv_B,4rzv,BRAF,261,2192.0,INACTIVE,262,1280
BRAF_4rzw_B,4rzw,BRAF,252,2103.0,INACTIVE,253,1280
BRAF_5ita_B,5ita,BRAF,252,2160.0,INACTIVE,289,1280
BRAF_4rzv_A,4rzv,BRAF,261,2192.0,INACTIVE,262,1280
BRAF_5jt2_A,5jt2,BRAF,234,2000.0,INACTIVE,270,1280
BRAF_5jsm_C,5jsm,BRAF,265,2273.0,INACTIVE,360,1280
BRAF_5jrq_A,5jrq,BRAF,258,2263.0,INACTIVE,354,1280
BRAF_5jt2_C,5jt2,BRAF,234,2000.0,INACTIVE,270,1280
BRAF_3q4c_A,3q4c,BRAF,264,2248.0,ACTIVE,264,1280
BRAF_5vam_B,5vam,BRAF,269,2333.0,INACTIVE,396,1280
BRAF_5val_B,5val,BRAF,254,2181.0,INACTIVE,394,1280
BRAF_5vam_A,5vam,BRAF,269,2333.0,INACTIVE,396,1280
BRAF_5val_A,5val,BRAF,254,2181.0,INACTIVE,394,1280
BRAF_6b8u_B,6b8u,BRAF,253,2164.0,INACTIVE,309,1280
BRAF_6b8u_A,6b8u,BRAF,253,2164.0,INACTIVE,309,1280
BRAF_6cad_A,6cad,BRAF,248,2089.0,INACTIVE,251,1280
BRAF_6cad_B,6cad,BRAF,248,2089.0,INACTIVE,251,1280
BRAF_6nsq_A,6nsq,BRAF,253,2101.0,INACTIVE,257,1280
BRAF_6nsq_B,6nsq,BRAF,253,2101.0,INACTIVE,257,1280
BRAF_6u2h_C,6u2h,BRAF,283,2393.0,ACTIVE,286,1280
BRAF_6u2h_D,6u2h,BRAF,283,2393.0,ACTIVE,286,1280
BRAF_6u2g_B,6u2g,BRAF,264,2243.0,INACTIVE,277,1280
BRAF_6n0p_B,6n0p,BRAF,268,2326.0,INACTIVE,442,1280
BRAF_6n0p_A,6n0p,BRAF,268,2326.0,INACTIVE,442,1280
BRAF_6nyb_A,6nyb,BRAF,350,2853.0,INACTIVE,353,1280
BRAF_6pp9_A,6pp9,BRAF,276,2408.0,INACTIVE,316,1280
BRAF_6n0q_A,6n0q,BRAF,257,2237.0,INACTIVE,428,1280
BRAF_6n0q_B,6n0q,BRAF,257,2237.0,INACTIVE,428,1280
BRAF_6uuo_B,6uuo,BRAF,254,1986.0,INACTIVE,256,1280
BRAF_6uuo_A,6uuo,BRAF,254,1986.0,INACTIVE,256,1280
BRAF_6p3d_A,6p3d,BRAF,264,2263.0,INACTIVE,373,1280
BRAF_6p7g_A,6p7g,BRAF,254,2175.0,INACTIVE,263,1280
BRAF_6p7g_B,6p7g,BRAF,254,2175.0,INACTIVE,263,1280
BRAF_6p7g_C,6p7g,BRAF,254,2175.0,INACTIVE,263,1280
BRAF_6p7g_D,6p7g,BRAF,254,2175.0,INACTIVE,263,1280
BRAF_6v30_A,6v30,BRAF,274,2338.0,INACTIVE,276,1280
BRAF_6v2y_A,6v2y,BRAF,275,2401.0,INACTIVE,277,1280
BRAF_6v2v_A,6v2v,BRAF,276,2423.0,INACTIVE,352,1280
BRAF_6v2w_A,6v2w,BRAF,275,2374.0,INACTIVE,277,1280
BRAF_6v31_A,6v31,BRAF,273,2357.0,INACTIVE,275,1280
BRAF_6v2z_A,6v2z,BRAF,274,2368.0,INACTIVE,276,1280
BRAF_6v32_A,6v32,BRAF,274,2356.0,INACTIVE,276,1280
BRAF_6v2u_B,6v2u,BRAF,255,2149.0,INACTIVE,257,1280
BRAF_6v2u_A,6v2u,BRAF,255,2149.0,INACTIVE,257,1280
BRAF_6v2x_A,6v2x,BRAF,274,2360.0,INACTIVE,276,1280
BRAF_6v34_A,6v34,BRAF,247,2094.0,INACTIVE,248,1280
BRAF_6v34_B,6v34,BRAF,247,2094.0,INACTIVE,248,1280
BRAF_6xfp_A,6xfp,BRAF,272,2377.0,INACTIVE,365,1280
BRAF_7m0y_A,7m0y,BRAF,275,2401.0,INACTIVE,277,1280
BRAF_7m0z_A,7m0z,BRAF,273,2357.0,INACTIVE,276,1280
BRAF_7m0v_A,7m0v,BRAF,274,2382.0,INACTIVE,276,1280
BRAF_7m0x_A,7m0x,BRAF,276,2423.0,INACTIVE,351,1280
BRAF_7m0t_A,7m0t,BRAF,274,2353.0,INACTIVE,276,1280
BRAF_7m0u_A,7m0u,BRAF,274,2363.0,INACTIVE,282,1280
BRAF_7m0w_A,7m0w,BRAF,274,2337.0,INACTIVE,276,1280
BRAF_6xlo_A,6xlo,BRAF,258,2239.0,INACTIVE,304,1280
BRAF_7k0v_A,7k0v,BRAF,262,2217.0,INACTIVE,397,1280
BRAF_7p3v_A,7p3v,BRAF,258,2079.0,INACTIVE,333,1280
BRAF_7shv_A,7shv,BRAF,261,2362.0,ACTIVE,277,1280
BRAF_8c7x_A,8c7x,BRAF,274,2352.0,INACTIVE,588,1280
BRAF_8c7y_A,8c7y,BRAF,275,2340.0,INACTIVE,581,1280
BRAF_8f7p_A,8f7p,BRAF,255,2156.0,INACTIVE,267,1280
BRAF_8f7o_A,8f7o,BRAF,263,2264.0,INACTIVE,264,1280
BRAF_8dgs_A,8dgs,BRAF,427,3273.0,INACTIVE,430,1280
BRAF_8dgt_A,8dgt,BRAF,431,3567.0,INACTIVE,434,1280
BRAF_8qqg_A,8qqg,BRAF,269,2193.0,INACTIVE,301,1280
BRAF_9bfb_A,9bfb,BRAF,272,2364.0,INACTIVE,519,1280
BRAF_4mne_G,4mne,BRAF,258,2197.0,ACTIVE,277,1280
BRAF_3og7_B,3og7,BRAF,254,2227.0,ACTIVE,278,1280
BRAF_6q0k_A,6q0k,BRAF,281,2324.0,ACTIVE,281,1280
BRAF_4xv3_B,4xv3,BRAF,238,1990.0,ACTIVE,257,1280
BRAF_4xv1_B,4xv1,BRAF,249,2156.0,ACTIVE,264,1280
BRAF_6q0t_B,6q0t,BRAF,280,2309.0,ACTIVE,280,1280
BRAF_5jsm_D,5jsm,BRAF,265,2273.0,INACTIVE,360,1280
BRAF_4h58_C,4h58,BRAF,272,2347.0,INACTIVE,275,1280
BRAF_4fk3_B,4fk3,BRAF,257,2224.0,ACTIVE,265,1280
BRAF_4mne_F,4mne,BRAF,258,2197.0,ACTIVE,277,1280
BRAF_4h58_B,4h58,BRAF,272,2347.0,ACTIVE,275,1280
BRAF_6q0j_B,6q0j,BRAF,281,2337.0,ACTIVE,281,1280
BRAF_6xag_D,6xag,BRAF,276,2331.0,ACTIVE,276,1280
BRAF_7mfd_A,7mfd,BRAF,410,3262.0,INACTIVE,412,1280
BRAF_4mne_B,4mne,BRAF,258,2197.0,ACTIVE,277,1280
BRAF_4mne_C,4mne,BRAF,258,2197.0,ACTIVE,277,1280
BRAF_5jsm_A,5jsm,BRAF,265,2273.0,INACTIVE,360,1280
BRAF_6q0k_B,6q0k,BRAF,281,2324.0,ACTIVE,281,1280
BRAF_6xag_C,6xag,BRAF,276,2331.0,ACTIVE,276,1280
BRAF_6uan_B,6uan,BRAF,285,2166.0,INACTIVE,285,1280
BRAF_6q0t_A,6q0t,BRAF,280,2309.0,ACTIVE,280,1280
BRAF_5jt2_B,5jt2,BRAF,234,2000.0,INACTIVE,270,1280
BRAF_6q0j_A,6q0j,BRAF,281,2337.0,ACTIVE,281,1280
BRAF_7mfe_A,7mfe,BRAF,409,3189.0,INACTIVE,411,1280
BRAF_5jt2_D,5jt2,BRAF,234,2000.0,INACTIVE,270,1280
BRAF_3q4c_B,3q4c,BRAF,264,2248.0,ACTIVE,264,1280
BRAF_6uan_C,6uan,BRAF,285,2166.0,INACTIVE,285,1280
ABL1_4twp_B,4twp,ABL1,266,2271.0,ACTIVE,404,1280
ABL1_3cs9_C,3cs9,ABL1,247,2068.0,INACTIVE,327,1280
ABL1_2hz4_B,2hz4,ABL1,262,2193.0,ACTIVE,265,1280
ABL1_3pyy_A,3pyy,ABL1,257,2130.0,INACTIVE,358,1280
ABL1_3qri_A,3qri,ABL1,262,2204.0,INACTIVE,456,1280
ABL1_2gqg_A,2gqg,ABL1,277,2316.0,ACTIVE,444,1280
ABL1_2v7a_B,2v7a,ABL1,270,2330.0,ACTIVE,377,1280
ABL1_2hyy_C,2hyy,ABL1,265,2220.0,INACTIVE,311,1280
ABL1_2hz0_B,2hz0,ABL1,243,2043.0,INACTIVE,439,1280
ABL1_2gqg_B,2gqg,ABL1,277,2316.0,ACTIVE,444,1280
ABL1_3pyy_B,3pyy,ABL1,257,2130.0,INACTIVE,358,1280
ABL1_3cs9_B,3cs9,ABL1,247,2068.0,INACTIVE,327,1280
ABL1_2f4j_A,2f4j,ABL1,287,2383.0,ACTIVE,499,1280
ABL1_2g2i_B,2g2i,ABL1,271,2300.0,ACTIVE,272,1280
ABL1_2e2b_B,2e2b,ABL1,270,2261.0,INACTIVE,359,1280
ABL1_4twp_A,4twp,ABL1,266,2271.0,ACTIVE,404,1280
ABL1_2hz0_A,2hz0,ABL1,243,2043.0,INACTIVE,439,1280
ABL1_3cs9_D,3cs9,ABL1,247,2068.0,INACTIVE,327,1280
ABL1_3qri_B,3qri,ABL1,262,2204.0,INACTIVE,456,1280
ABL1_3cs9_A,3cs9,ABL1,247,2068.0,INACTIVE,327,1280
ABL1_2hyy_D,2hyy,ABL1,265,2220.0,INACTIVE,311,1280
ABL1_2e2b_A,2e2b,ABL1,270,2261.0,INACTIVE,359,1280
ABL1_2hiw_A,2hiw,ABL1,274,2311.0,INACTIVE,381,1280
ABL1_3qrk_A,3qrk,ABL1,270,2246.0,INACTIVE,409,1280
ABL1_2hyy_A,2hyy,ABL1,265,2220.0,INACTIVE,311,1280
ABL1_3qrj_B,3qrj,ABL1,258,2181.0,INACTIVE,386,1280
ABL1_3qrj_A,3qrj,ABL1,258,2181.0,INACTIVE,386,1280
ABL1_2hyy_B,2hyy,ABL1,265,2220.0,INACTIVE,311,1280
ABL1_2v7a_A,2v7a,ABL1,270,2330.0,ACTIVE,377,1280
ABL1_2hiw_B,2hiw,ABL1,274,2311.0,INACTIVE,381,1280
ABL1_2g2i_A,2g2i,ABL1,271,2300.0,ACTIVE,272,1280
ABL1_5hu9_A,5hu9,ABL1,267,2222.0,INACTIVE,647,1280
ABL1_5mo4_A,5mo4,ABL1,429,3677.0,INACTIVE,738,1280
ABL1_6npu_A,6npu,ABL1,257,2146.0,INACTIVE,293,1280
ABL1_6npe_A,6npe,ABL1,256,2119.0,INACTIVE,343,1280
ABL1_6npu_B,6npu,ABL1,257,2146.0,INACTIVE,293,1280
ABL1_6npe_B,6npe,ABL1,256,2119.0,INACTIVE,343,1280
ABL1_6npv_A,6npv,ABL1,264,2202.0,INACTIVE,408,1280
ABL1_6npv_B,6npv,ABL1,264,2202.0,INACTIVE,408,1280
ABL1_8ssn_A,8ssn,ABL1,420,3581.0,INACTIVE,451,1280
ABL1_6xr7_A,6xr7,ABL1,287,2415.0,UNKNOWN,287,1280
ABL1_6xrg_A,6xrg,ABL1,287,2395.0,INACTIVE,287,1280
ABL1_6xr6_A,6xr6,ABL1,287,2406.0,ACTIVE,287,1280
ABL1_2g1t_B,2g1t,ABL1,277,2345.0,INACTIVE,487,1280
ABL1_2g1t_A,2g1t,ABL1,277,2345.0,INACTIVE,487,1280
ABL1_2g1t_C,2g1t,ABL1,277,2345.0,INACTIVE,487,1280
ABL1_2g1t_D,2g1t,ABL1,277,2345.0,INACTIVE,487,1280
ABL1_2hz4_C,2hz4,ABL1,262,2193.0,ACTIVE,265,1280
ABL1_2hz4_A,2hz4,ABL1,262,2193.0,ACTIVE,265,1280
KIT_4u0i_A,4u0i,KIT,297,2559.0,INACTIVE,437,1280
KIT_1pkg_A,1pkg,KIT,279,2394.0,ACTIVE,281,1280
KIT_3g0e_A,3g0e,KIT,332,2819.0,INACTIVE,649,1280
KIT_3g0f_B,3g0f,KIT,291,2411.0,INACTIVE,301,1280
KIT_1t46_A,1t46,KIT,297,2631.0,INACTIVE,568,1280
KIT_3g0f_A,3g0f,KIT,291,2411.0,INACTIVE,301,1280
KIT_1pkg_B,1pkg,KIT,279,2394.0,ACTIVE,281,1280
KIT_4hvs_A,4hvs,KIT,326,2832.0,INACTIVE,435,1280
KIT_6gqj_A,6gqj,KIT,298,2589.0,INACTIVE,440,1280
KIT_6gqk_A,6gqk,KIT,293,2405.0,INACTIVE,381,1280
KIT_6gqj_B,6gqj,KIT,298,2589.0,INACTIVE,440,1280
KIT_6gql_B,6gql,KIT,298,2438.0,INACTIVE,490,1280
KIT_6gqm_A,6gqm,KIT,288,2478.0,INACTIVE,394,1280
KIT_6gqk_B,6gqk,KIT,293,2405.0,INACTIVE,381,1280
KIT_6gqm_B,6gqm,KIT,288,2478.0,INACTIVE,394,1280
KIT_6gql_A,6gql,KIT,298,2438.0,INACTIVE,490,1280
KIT_6mob_A,6mob,KIT,306,2544.0,INACTIVE,632,1280
KIT_6hh1_A,6hh1,KIT,303,2559.0,INACTIVE,427,1280
KIT_6itt_A,6itt,KIT,297,2555.0,INACTIVE,407,1280
KIT_6kla_A,6kla,KIT,309,2648.0,INACTIVE,357,1280
KIT_6itt_B,6itt,KIT,297,2555.0,INACTIVE,407,1280
KIT_6itv_A,6itv,KIT,298,2564.0,INACTIVE,526,1280
KIT_6xva_A,6xva,KIT,288,2465.0,INACTIVE,314,1280
KIT_6xvb_A,6xvb,KIT,288,2468.0,INACTIVE,320,1280
KIT_6xvb_B,6xvb,KIT,288,2468.0,INACTIVE,320,1280
KIT_6xva_B,6xva,KIT,288,2465.0,INACTIVE,314,1280
KIT_6xv9_A,6xv9,KIT,292,2513.0,INACTIVE,293,1280
KIT_6xv9_B,6xv9,KIT,292,2513.0,INACTIVE,293,1280
KIT_7khg_A,7khg,KIT,327,2842.0,INACTIVE,518,1280
KIT_7khk_A,7khk,KIT,291,2442.0,ACTIVE,323,1280
KIT_7khj_A,7khj,KIT,288,2404.0,ACTIVE,316,1280
KIT_7zw8_A,7zw8,KIT,301,2592.0,INACTIVE,342,1280
KIT_7zy6_A,7zy6,KIT,293,2547.0,INACTIVE,295,1280
KIT_8pqg_A,8pqg,KIT,292,2475.0,ACTIVE,316,1280
KIT_8pqd_A,8pqd,KIT,297,2507.0,ACTIVE,615,1280
KIT_8pqa_A,8pqa,KIT,293,2505.0,ACTIVE,511,1280
KIT_8pqf_A,8pqf,KIT,294,2490.0,ACTIVE,442,1280
KIT_8pq9_A,8pq9,KIT,296,2516.0,ACTIVE,526,1280
KIT_8pqb_A,8pqb,KIT,280,2375.0,ACTIVE,435,1280
KIT_8pqc_A,8pqc,KIT,297,2498.0,ACTIVE,488,1280
KIT_1t45_A,1t45,KIT,331,2933.0,INACTIVE,497,1280
KIT_8dfq_A,8dfq,KIT,438,3312.0,INACTIVE,439,1280
KIT_8dfm_A,8dfm,KIT,441,3601.0,INACTIVE,442,1280
KIT_8dfp_A,8dfp,KIT,438,3603.0,INACTIVE,439,1280
PDGFRA_5grn_A,5grn,PDGFRA,285,2449.0,INACTIVE,672,1280
PDGFRA_6jol_A,6jol,PDGFRA,279,2388.0,INACTIVE,364,1280
PDGFRA_6jok_A,6jok,PDGFRA,338,2884.0,INACTIVE,345,1280
PDGFRA_6joi_A,6joi,PDGFRA,296,2461.0,INACTIVE,313,1280
PDGFRA_8pqi_A,8pqi,PDGFRA,299,2458.0,ACTIVE,309,1280
PDGFRA_8pqh_A,8pqh,PDGFRA,321,2605.0,ACTIVE,345,1280
PDGFRA_6a32_A,6a32,PDGFRA,336,2882.0,INACTIVE,429,1280
PDGFRA_8pqj_A,8pqj,PDGFRA,329,2861.0,INACTIVE,533,1280
PDGFRA_5k5x_A,5k5x,PDGFRA,345,2986.0,INACTIVE,496,1280
PDGFRA_8pqk_A,8pqk,PDGFRA,322,2825.0,INACTIVE,460,1280
FGFR1_4rwj_B,4rwj,FGFR1,307,2610.0,ACTIVE,364,1280
FGFR1_4f64_A,4f64,FGFR1,278,2370.0,ACTIVE,430,1280
FGFR1_2fgi_B,2fgi,FGFR1,274,2351.0,ACTIVE,386,1280
FGFR1_4v01_B,4v01,FGFR1,275,2305.0,INACTIVE,397,1280
FGFR1_4v04_B,4v04,FGFR1,292,2503.0,INACTIVE,518,1280
FGFR1_5a46_B,5a46,FGFR1,297,2500.0,ACTIVE,401,1280
FGFR1_1agw_A,1agw,FGFR1,272,2348.0,ACTIVE,361,1280
FGFR1_5a4c_A,5a4c,FGFR1,286,2467.0,ACTIVE,440,1280
FGFR1_4rwk_A,4rwk,FGFR1,282,2392.0,ACTIVE,286,1280
FGFR1_4nk9_A,4nk9,FGFR1,282,2393.0,ACTIVE,321,1280
FGFR1_1fgi_A,1fgi,FGFR1,272,2369.0,ACTIVE,361,1280
FGFR1_4wun_B,4wun,FGFR1,282,2482.0,ACTIVE,400,1280
FGFR1_4nka_A,4nka,FGFR1,287,2405.0,ACTIVE,391,1280
FGFR1_4f65_B,4f65,FGFR1,279,2399.0,ACTIVE,385,1280
FGFR1_3js2_B,3js2,FGFR1,295,2496.0,ACTIVE,374,1280
FGFR1_5a46_A,5a46,FGFR1,297,2500.0,ACTIVE,401,1280
FGFR1_3gql_B,3gql,FGFR1,275,2355.0,ACTIVE,326,1280
FGFR1_4f64_B,4f64,FGFR1,278,2370.0,ACTIVE,430,1280
FGFR1_3wj6_A,3wj6,FGFR1,277,2337.0,ACTIVE,302,1280
FGFR1_4f65_A,4f65,FGFR1,279,2399.0,ACTIVE,385,1280
FGFR1_4rwk_B,4rwk,FGFR1,282,2392.0,ACTIVE,286,1280
FGFR1_3gql_A,3gql,FGFR1,275,2355.0,ACTIVE,326,1280
FGFR1_4zsa_A,4zsa,FGFR1,282,2425.0,ACTIVE,381,1280
FGFR1_5am7_A,5am7,FGFR1,287,2449.0,ACTIVE,377,1280
FGFR1_1agw_B,1agw,FGFR1,272,2348.0,ACTIVE,361,1280
FGFR1_5am7_B,5am7,FGFR1,287,2449.0,ACTIVE,377,1280
FGFR1_2fgi_A,2fgi,FGFR1,274,2351.0,ACTIVE,386,1280
FGFR1_4wun_A,4wun,FGFR1,282,2482.0,ACTIVE,400,1280
FGFR1_4v04_A,4v04,FGFR1,292,2503.0,INACTIVE,518,1280
FGFR1_4nks_B,4nks,FGFR1,271,2317.0,ACTIVE,281,1280
FGFR1_4zsa_B,4zsa,FGFR1,282,2425.0,ACTIVE,381,1280
FGFR1_5am6_A,5am6,FGFR1,280,2400.0,ACTIVE,378,1280
FGFR1_4v05_B,4v05,FGFR1,287,2457.0,ACTIVE,372,1280
FGFR1_4nk9_B,4nk9,FGFR1,282,2393.0,ACTIVE,321,1280
FGFR1_3c4f_A,3c4f,FGFR1,290,2473.0,ACTIVE,504,1280
FGFR1_3c4f_B,3c4f,FGFR1,290,2473.0,ACTIVE,504,1280
FGFR1_3rhx_A,3rhx,FGFR1,275,2398.0,ACTIVE,504,1280
FGFR1_3gql_C,3gql,FGFR1,275,2355.0,ACTIVE,326,1280
FGFR1_4rwj_A,4rwj,FGFR1,307,2610.0,ACTIVE,364,1280
FGFR1_5am6_B,5am6,FGFR1,280,2400.0,ACTIVE,378,1280
FGFR1_3rhx_B,3rhx,FGFR1,275,2398.0,ACTIVE,504,1280
FGFR1_3js2_A,3js2,FGFR1,295,2496.0,ACTIVE,374,1280
FGFR1_4v05_A,4v05,FGFR1,287,2457.0,ACTIVE,372,1280
FGFR1_3tt0_A,3tt0,FGFR1,272,2332.0,ACTIVE,455,1280
FGFR1_3wj6_B,3wj6,FGFR1,277,2337.0,ACTIVE,302,1280
FGFR1_4nka_B,4nka,FGFR1,287,2405.0,ACTIVE,391,1280
FGFR1_5a4c_B,5a4c,FGFR1,286,2467.0,ACTIVE,440,1280
FGFR1_3gqi_A,3gqi,FGFR1,307,2574.0,ACTIVE,364,1280
FGFR1_4v01_A,4v01,FGFR1,275,2305.0,INACTIVE,397,1280
FGFR1_3tt0_B,3tt0,FGFR1,272,2332.0,ACTIVE,455,1280
FGFR1_4nks_A,4nks,FGFR1,271,2317.0,ACTIVE,281,1280
FGFR1_4f63_A,4f63,FGFR1,271,2328.0,ACTIVE,284,1280
FGFR1_4f63_B,4f63,FGFR1,271,2328.0,ACTIVE,284,1280
FGFR1_1fgi_B,1fgi,FGFR1,272,2369.0,ACTIVE,361,1280
FGFR1_4rwl_B,4rwl,FGFR1,282,2424.0,ACTIVE,307,1280
FGFR1_4uwc_B,4uwc,FGFR1,301,2558.0,ACTIVE,480,1280
FGFR1_4uwc_A,4uwc,FGFR1,301,2558.0,ACTIVE,480,1280
FGFR1_4uwb_B,4uwb,FGFR1,299,2526.0,ACTIVE,413,1280
FGFR1_4uwb_A,4uwb,FGFR1,299,2526.0,ACTIVE,413,1280
FGFR1_5ew8_A,5ew8,FGFR1,290,2483.0,ACTIVE,511,1280
FGFR1_5ew8_B,5ew8,FGFR1,290,2483.0,ACTIVE,511,1280
FGFR1_5b7v_B,5b7v,FGFR1,282,2396.0,ACTIVE,336,1280
FGFR1_5b7v_A,5b7v,FGFR1,282,2396.0,ACTIVE,336,1280
FGFR1_5uq0_A,5uq0,FGFR1,256,2185.0,ACTIVE,259,1280
FGFR1_5uq0_B,5uq0,FGFR1,256,2185.0,ACTIVE,259,1280
FGFR1_5vnd_B,5vnd,FGFR1,302,2529.0,ACTIVE,438,1280
FGFR1_5vnd_A,5vnd,FGFR1,302,2529.0,ACTIVE,438,1280
FGFR1_5ur1_B,5ur1,FGFR1,278,2398.0,ACTIVE,307,1280
FGFR1_5ur1_A,5ur1,FGFR1,278,2398.0,ACTIVE,307,1280
FGFR1_5o4a_A,5o4a,FGFR1,291,2365.0,ACTIVE,375,1280
FGFR1_5o4a_B,5o4a,FGFR1,291,2365.0,ACTIVE,375,1280
FGFR1_5o49_A,5o49,FGFR1,286,2425.0,ACTIVE,333,1280
FGFR1_5o49_B,5o49,FGFR1,286,2425.0,ACTIVE,333,1280
FGFR1_5zv2_B,5zv2,FGFR1,284,2389.0,ACTIVE,288,1280
FGFR1_5zv2_A,5zv2,FGFR1,284,2389.0,ACTIVE,288,1280
FGFR1_6mzw_B,6mzw,FGFR1,258,2200.0,ACTIVE,280,1280
FGFR1_6c1c_B,6c1c,FGFR1,276,2379.0,ACTIVE,309,1280
FGFR1_5z0s_B,5z0s,FGFR1,285,2434.0,ACTIVE,329,1280
FGFR1_5z0s_A,5z0s,FGFR1,285,2434.0,ACTIVE,329,1280
FGFR1_6c19_A,6c19,FGFR1,276,2377.0,ACTIVE,339,1280
FGFR1_6mzq_A,6mzq,FGFR1,260,2255.0,ACTIVE,330,1280
FGFR1_6c1b_A,6c1b,FGFR1,265,2290.0,ACTIVE,306,1280
FGFR1_6c1c_A,6c1c,FGFR1,276,2379.0,ACTIVE,309,1280
FGFR1_6c18_B,6c18,FGFR1,255,2202.0,ACTIVE,264,1280
FGFR1_6c19_B,6c19,FGFR1,276,2377.0,ACTIVE,339,1280
FGFR1_6c1b_B,6c1b,FGFR1,265,2290.0,ACTIVE,306,1280
FGFR1_6mzw_A,6mzw,FGFR1,258,2200.0,ACTIVE,280,1280
FGFR1_6c18_A,6c18,FGFR1,255,2202.0,ACTIVE,264,1280
FGFR1_6c1o_A,6c1o,FGFR1,280,2420.0,ACTIVE,289,1280
FGFR1_6c1o_B,6c1o,FGFR1,280,2420.0,ACTIVE,289,1280
FGFR1_6mzq_B,6mzq,FGFR1,260,2255.0,ACTIVE,330,1280
FGFR1_6p69_A,6p69,FGFR1,286,2455.0,ACTIVE,410,1280
FGFR1_6nvl_A,6nvl,FGFR1,265,2203.0,ACTIVE,271,1280
FGFR1_6p69_B,6p69,FGFR1,286,2455.0,ACTIVE,410,1280
FGFR1_6p68_C,6p68,FGFR1,287,2423.0,ACTIVE,290,1280
FGFR1_6p68_B,6p68,FGFR1,287,2423.0,ACTIVE,290,1280
FGFR1_6nvl_D,6nvl,FGFR1,265,2203.0,ACTIVE,271,1280
FGFR1_6p68_A,6p68,FGFR1,287,2423.0,ACTIVE,290,1280
FGFR1_6nvl_B,6nvl,FGFR1,265,2203.0,ACTIVE,271,1280
FGFR1_6nvl_C,6nvl,FGFR1,265,2203.0,ACTIVE,271,1280
FGFR1_6itj_B,6itj,FGFR1,293,2489.0,ACTIVE,400,1280
FGFR1_6itj_A,6itj,FGFR1,293,2489.0,ACTIVE,400,1280
FGFR1_7ozd_A,7ozd,FGFR1,282,2424.0,ACTIVE,404,1280
FGFR1_7ozb_A,7ozb,FGFR1,288,2475.0,ACTIVE,398,1280
FGFR1_7ozf_A,7ozf,FGFR1,288,2451.0,ACTIVE,393,1280
FGFR1_7wcl_A,7wcl,FGFR1,306,2629.0,ACTIVE,365,1280
FGFR1_8jmz_A,8jmz,FGFR1,306,2643.0,ACTIVE,549,1280
FGFR1_3kxx_A,3kxx,FGFR1,286,2437.0,ACTIVE,286,1280
FGFR1_4rwl_A,4rwl,FGFR1,282,2424.0,ACTIVE,307,1280
FGFR1_5flf_C,5flf,FGFR1,292,2550.0,ACTIVE,395,1280
FGFR1_3ky2_A,3ky2,FGFR1,280,2395.0,ACTIVE,377,1280
FGFR1_4rwi_B,4rwi,FGFR1,280,2391.0,ACTIVE,309,1280
FGFR1_5flf_B,5flf,FGFR1,292,2550.0,ACTIVE,395,1280
FGFR1_3kxx_D,3kxx,FGFR1,286,2437.0,ACTIVE,286,1280
FGFR1_3ky2_B,3ky2,FGFR1,280,2395.0,ACTIVE,377,1280
FGFR1_4rwi_A,4rwi,FGFR1,280,2391.0,ACTIVE,309,1280
FGFR1_5flf_A,5flf,FGFR1,292,2550.0,ACTIVE,395,1280
FGFR1_1fgk_A,1fgk,FGFR1,278,2406.0,ACTIVE,435,1280
FGFR1_4uwy_A,4uwy,FGFR1,273,2348.0,ACTIVE,331,1280
FGFR1_5flf_D,5flf,FGFR1,292,2550.0,ACTIVE,395,1280
FGFR1_1fgk_B,1fgk,FGFR1,278,2406.0,ACTIVE,435,1280
FGFR1_3kxx_B,3kxx,FGFR1,286,2437.0,ACTIVE,286,1280
FGFR1_3kxx_C,3kxx,FGFR1,286,2437.0,ACTIVE,286,1280
FGFR1_5flf_E,5flf,FGFR1,292,2550.0,ACTIVE,395,1280
FGFR1_4uwy_B,4uwy,FGFR1,273,2348.0,ACTIVE,331,1280
