fold,kinase,sample_id,status,designed_sequence,designability_rmsd
fold_01,ABL1,fold_01_sample0_ABL1_5hu9_A_to_ABL1_4twp_B,ok,GPGGGADGGGGAGGGGGGGGGGPGGGGGGGGGGGGGGGGGGGGGGGGGGGGGGGGGGGGGGGGGGGGGDGGGGGGGGGAGGGGGGGAGGGGGGGGGGSGGGGGPVPPAEPGGEEGGGGGGGGDGGGGGGGGGGGGGGGGGTGGGGGGDGPGAGGGGGGGGGGGGGGGEGGGGAGGGGGGGGGGGGGGGGHGGAGGGGGGGGGGGGGGGGGAGGGGGGGGGGGGPGGGGGGGEAGKGGGAGGGGGGGGGGGGGGGGGGGGGGGGGPG,58.02943494384087
fold_01,ABL1,fold_01_sample1_ABL1_3qri_A_to_ABL1_2hz4_B,ok,PDPEGRSGGGGGCGPGGPAAGGGGGGGGGGGGGGGGAGGGGGPGPGGGGGGGGGPGGGGGGGGGGGGGGGPGGGGGGGGGGGGGAGGGGGGGGPGGGGAGGGGGGGSGGGGGGGCGGGGGGGGGGGGCGGGGGGFGGPGGGGGGGGGSGGGGGGGGGGGGGGGGGGGGGGGGGGGGGGGGGGPGGGGGGGGGGGGGGGGGGGCGGGGGGGGAGGGGGGGGGGGGGGGGGGGGGGGGGGGGGGGGGGGGGAGGGGGGGGGGGG,55.397536223324
fold_01,ABL1,fold_01_sample2_ABL1_2g1t_B_to_ABL1_2gqg_A,ok,GGGPGGPGAPGGTGDGGDGGGGGGSGGGGGGGGGGGGGHGGRHHHGGGGGGGGGGGGGGGGGGGGGGGSGGGGGGGGGGGGGGGGGGGGHGGGGGGGGGGGGGAPGGPGGGGGGGDGGGGGGGGGGGSGGGGGGGGGGGGGGGGGGGGPGGGGGGGGGADGGGGGGGAGPGGGGGSGGGGGGGGGGGGGGGGGGGGGGGGGGGGGGGGGGGGCGGGGGGGGGGGGGGPPGATGGGGGGGGGGGGGGGGGGGGGGGGGGGGGGGGGGPGGGGGGGGGG,58.50012961059574
fold_01,ABL1,fold_01_sample3_ABL1_2e2b_B_to_ABL1_2v7a_B,ok,PDSAGGGGPAGGGGGGGGGGVGDGGGGGGGGHGGGGGDGGGGGPGPGGGGGGGGGAGGGGGGGGGVGGGGGGAGGGGGGGGGGGDGGHGIGGGHDGHGGGGGGGGGGGSGGGGGGGGGGGGGGGGGGGGGGGGGGGGGGGHGAGGGGGGGGGGGGGGGGGGSGGGGGGGGGGGGGGGGGGGPGGGGGGGGGGGGGGGGAGGGGGGCGGGGGGGGGGGGGGGGGGGGGGGGGGGGGGGGGGGGGGGGGGGGGGGGGGGCGGGGGGGGGGPG,62.93161752389999
fold_01,ABL1,fold_01_sample4_ABL1_2g1t_B_to_ABL1_2gqg_B,ok,GGGGEGPGGGGGSGGGGTGGGGGGSGGGGGGGGGGGGGDGGSGGSGGGGGGGGGGGGSGGGGGGGGGGTGGGGGGGGGGGGGGGGGGGGGGGGGGGGGGGGGGGPGGPGGGGGGPDDPGGGGGGGGGSGSGGGGGGGGGGGGGGGGGGPGGGGGGGGGAGGGGGGGGTGPGGGGGGGGGGGGGGGGGGGGGGGGCGGGGGGGGGGGGGGGGGGGGGGGGGGGGGGGGPPGAGGGGGGGGGGGGGGGGGGGGGGGGGGGGGAGGGGGPGGAGGKGGAG,47.95802095801053
fold_01,ABL1,fold_01_sample5_ABL1_6xrg_A_to_ABL1_2f4j_A,ok,KPPAPPPGGVPGGSGGGGGGGGGGGGGGGGGGGGGPGGGGGGGGGSAEEAPGGGGGGAGGGGAGGGGGGGGGGGGGAAPSPRVGGAGGGGGGGGDGGGGPGGPGGGGGGGAGGAGGGGGGGGAGGGGGGGGGGGGGGGGSGGGGGGGGGGGGHGGGGSGGGGGGGGSGGGGGGGGGGGGGGGGGGGGGGGGGGGGGGGGGGSGGGGGGGGGGGGGGGGGGSGGGGGGAGGGSGGGGGPVVAGGGGGGGGGGGSGGGGGGGGAGGGGPGGAGAREEAREEEEEAEEAE,58.48218702955026
fold_01,ABL1,fold_01_sample6_ABL1_2e2b_B_to_ABL1_2g2i_B,ok,EDGLAGGGPEPGEYPGPGGGGDTGGGGGGGGAGGGGGGGGGGGPGPGGGPGGGGGAGGGGGGGGGGGGGGGGAGGAGHPGGGGGGGGHAIGGGAAGGGGGGGGGGGGGGGGGGGGGGGGGGGGGGGGGGGGGGGGGGGGGHGAGGGGGGGGGGGGGGGHGGHGGGGGGGGGGGGGGGGGGGPGGGGGGGGGGGGGGGGAGGGGGGCGAGGGGGGGGGGGGGGGGGGGGGAGGAGGGGGGGGGGGGGGGGGGGGGGGGEGGGGGGGGGEPG,63.13599025903252
fold_01,ABL1,fold_01_sample7_ABL1_5hu9_A_to_ABL1_4twp_A,ok,GGGGGGSGGPGPGGGGGGGGGSGGGGGGGGGGGGGGGGGGGGGGGGGGGGGGGGGGGGGGGGGGAGGGDAGGGGGGGGGGGGGGGGAGGGGGGGGGGSTGGGGPSEPGAGGGGEGGSAGGGGGGGGGGGGGGGGGGGGGGTGGGGGGAGPGAGGVGGGGGGGGGPGGGGGGGSGGGGGGGGGGGGGGGGHGGEGGGGGGGGGGGGGGGGGGGGGGGGGGGGGGPAVAGGGAEGGGGGGAGGPGCGGGGCGGGGGGGGGGGGGGGPG,65.74334074221619
fold_01,ABL1,fold_01_sample8_ABL1_2e2b_B_to_ABL1_2v7a_A,ok,GDGAEGGGPEGGGGPGGGGGGDPGGGGGGGGPGGGGGGGGGGGPGPGGAPGGGGGGGGGGGGGGGHGGGGGGGGGGGHGGGGGGDGGHGIGGGHGAGGGGGAGGPGGGDGAGGGGGGGGGGGGGGGGGGGGGGGGGGGGGHGAGGGGGGGGGGGGGGGHGGHGGGGGGGGGGGGGGGGGGGPGGGGGGGGGGGGGGGGAGGGGGGGGAGAGGGGGGGGGGGGGGDGGGGGAGAGGGGGGGGGGGGGGGGGGGGGGGGDGGGGGGGGGGPG,58.80489975446168
fold_01,ABL1,fold_01_sample9_ABL1_2e2b_B_to_ABL1_2g2i_A,ok,GDGAGGGGPGGGGGGGGGGGSDSGPGGGGGGVGGGGGDGGGGGPGPGGGPGGGGGAGGGGGGGGGAGGGGGGGGGGGGPGGGGGGGGHGTGGGHDGHGGGGAGGPGGGGGGGGGGGGGGGGGGGGGGGGGGGGGGGGGGGHGAGGAGGAGGGGGGGGGHGGSGGGGGGSGGGGGGAGGGGGPGGGGGGGGGGGGGAGGAGGGGGGGGAGAGGAGGGAGGGGGGAGGGGGGGGEGGGGGGGGGGGGGGGGGGGGGGGGCGGGGGGGDGGPG,66.63762391806921
fold_01,ABL1,fold_01_sample10_ABL1_6xrg_A_to_ABL1_6xr6_A,ok,PPPEPVPEAEPRDGGGGGGGGGGGGGGGGGGGGGGPGGEGGGGGGPLEAAPGGGGGGAGGGGGGGGGGGGGGGGGPAAPAPALGGGGGGSGGGGDDGGGPGGPGGGGGGGGGGGGGGGGGGGAGGGGGGGGGGGGGGGGGGGGGGGGGGGGGGGGGGSGGGGGGGGAGGGDGGGLGGGGGGGAGGGGGGGGGGGGGGGGGGCGGGTGGGGGGGGGGGGGGGGGGGGGGGGGGGEGGGPGAAGGGGGGGGGGGGGGGGPGGGVGGGGGGGAGGPAEEEEEEEAEEEAE,58.46500789533549
fold_01,ABL1,fold_01_sample11_ABL1_3qri_A_to_ABL1_2hz4_C,ok,GDGAGAAGGGGGGGPGGGARGGGGGGGGGGGGGGGGGGGGGGGGGGGGGGGGGGGGGGGGGGGGGGGGGGGGGGGGGGGGGGGPAGAGGGPGGPGGGGGGGGGGGGGGGGGGGGGGGGAGGGGGGGGGGGGGGGLAGPGVGGGGGGGSGGGGGGGGPGGGGGGGGGGGGGGGGGGGGGGGGGPGGGGGGGGGGGGGGGGGGGGGGGGGGGGGGGGGGGGGGGGGGGGGGGGGGGGGGGGGGGGGGGGGGGGGGGGGGGGGGG,66.32264110872391
fold_01,ABL1,fold_01_sample12_ABL1_3qri_A_to_ABL1_2hz4_A,ok,GGDEGRGGGGGGCGPGGGAGGGGGGGGGGGGGGGGGAGGGGAGGGGGGGGGGGGPGGGGGGGGGGGGGGGGGGGGGGGGGGGGGGGGGGGPGGPGGGGGGGGGGGGGGGGDGGGGGGGGGDGGHGGGGGGGGGGGAGPGTGGGGGGGSSGGGGGGGAGGGGGGGGGGGGGGGGGGGGGGGGGGGGGGGGGGGGGGGGGGGGGGGGGGGGGGAGGGGGGGGGGGGGGGGGGGGGAGGGGGGGGDGGGGGGGGGGGGGGGGGGG,62.75164640195615
fold_02,BRAF,fold_02_sample0_BRAF_1uwh_A_to_BRAF_3d4q_A,ok,GGGGGGGGGGGGGGGGGGGGGGGAGGGGGSGGGSGGGGGGGGGAGPGGGGGGGGGGGGGGGGGGGGGGGGGGGGGGGGGGGGGGGGDGGGGGGGGGAGGGGGGGGGGGGGGGGGGPPGGGGGSGGGGPHPAGGGGGGGGGGSGAGSGGGGGPGPGGGGGGDGGGDAPGGGGGGGGPGGGGGTDGGGGGGGGGGGGGGGGGGGPGGGDGGGGGPGGSGGGGGGGGGGGGPGGGGGGGGGGGGGGPGDGGGGGGGGVGRPGGGGPG,58.455538830901666
fold_02,BRAF,fold_02_sample1_BRAF_4wo5_A_to_BRAF_4mnf_A,ok,GGGGGGGGGGSAHGGGNGGGGSGGGGGGGGGPGGGGGGGGAGGGGGPGGGGTAGGGGGGGGGGGGGGNGGGGGGGGGGGGGGGGGGGGGGAAGGGAGAGGAGGGGGVPPGGGGGGGGGGPGGGGGGGGGGGGAGGGGPGGGGGGGGGGAGGDGGGGGGPGGGGPGGGGGGGGGGGGGTGGGGGGGGGVGGGGGGGGGGGGGGGGGGGGGGSGPGVGGGGGGGGGVVGGDGGDGGGGTGGGGGGGGGGGGGAGGGGGG,60.35678684030544
fold_02,BRAF,fold_02_sample2_BRAF_4wo5_A_to_BRAF_4mnf_B,ok,GGGGGGDGGGCAHDAGGGGVGDGGAGGGGGGGGGGGGGGGAGGGGGPGGGGTAGGGGAGGGGGGGGGGGGGGGGGGGGGGGGGGGGGGGGDGGGGGGAGDLGGGGGGGPGGGGGGGGGGPGGGGGGPGGGGGPAGGGPGGGGGGGAGDAGGDGGGGGGPGGGGPGGGGGGGGGGGGGGGGGGGGGGGVGGGSGGGGGGGGGGGGGGGGGGSGPGGGGGSGGGGGGGGGSGGDGGPGGGGGGDGGGGGGGGGGGGGGG,62.924424903054245
fold_02,BRAF,fold_02_sample3_BRAF_1uwh_A_to_BRAF_3d4q_B,ok,GGGGGGGGGGGGGGGGGGGGGGGAAGGGGGGGGSGGGGGGGGGGGPGGGGGGGGGGGGGGGGGGGGGGGGGGGGGGGGGGGGGGGGGGGGGGAGGGGGGGGGGGGGGGGGGGGGGPPGGVGGSGGGAGHPGPGGGGGGGGGHGGGHGGGGDGGGGGGPGGDGGGAAPGGGGAGGGPGGGGAGDGGGGGGDGGGGGGGGGGGGDGGGGGGGGGGGGSGGGGGGGGGGGGPGGGGGGGGGGGGPGPGGGGGGGGGGTGGPSGGGGG,62.8456475952264
fold_02,BRAF,fold_02_sample4_BRAF_4jvg_C_to_BRAF_2fb8_A,ok,GGGGGAGGGGGGGGGGGGGGGGGGAGGGGGGGGGGGGPPGGGGGVPPGAGGGGGGGGGGGGGGGGGGGTGGGGGGSPGGGGGGGGGGGGGGGGVGGGGGGGGGAGGAGGGGGGGGGGGGGGPGGGGGGGGGGGGGGGGGGGGGGAGGGGGGGGGGGGGGGGGGGGGGPGGGGGGGGGGGGGGGGGGGGGGGGGGPGAGGGGGGGGGAGGGGGGAGAGGGDGGGGSGGGGASGGGGGGGGGGGGGGGPGGGGGGEGGAGG,65.68075370600357
fold_02,BRAF,fold_02_sample5_BRAF_4g9r_B_to_BRAF_3psd_B,ok,GGGGGAGGGGGGGACAGGGGPGGGGGGGGGAGGGAGGGGGGGGGGPDGPGGGGGGGGGGGGGGGGGGGGGAGAGGDGGGGAGGGVAGGGGPLPPGETVAPLDGGLGGGGGGGGGGGGGGGGPGGGGGGGGGGGGGGGGGGGGGGGGGGGPGPGPGGGGGGGGPPDGGGGGGGGGGGGGGGGGGGGGGGGGGGLPGGTDPGHGGGGGGGGGGGPGGRGGGSGGGGSGPGGGGGGGIGGGGGGGGPGGGGGGGGGAGGLGGGGG,62.845054463678444
fold_02,BRAF,fold_02_sample6_BRAF_4mbj_B_to_BRAF_4e26_B,ok,GGGGGGPGGGGGGGGGGGGGSGGGGGGGGGGGGHGGGPGGGGGGGGPGATAGSGGGGGGGAGGGGGAGGGCGGGGGGGGGGGGGGGGGCGGGPGGGGGAGGDGGGGGGVGGGGGGGPGSGGGGGGGGGTGGGGGGGGGGGGGSGGGGGGGGGGGGSHGGGGGCGGGGGGGGGGAGGHGGGCGGGGCGGGGGGGGGGGGGCGGGGGGGGGGGGGGGGATGGGGGGGGGGAGGGGGGGGAGGGGCGGGGGGGGGGGGGGGGGGGGLAGGLP,65.32416988433724
fold_02,BRAF,fold_02_sample7_BRAF_1uwh_A_to_BRAF_3pri_B,ok,GGGGGGGGGGGGGGGGGGGGGGGAAGGGGGGGGSGGGSGGGGGGGPGGGGGGGGGGGGGDGGGGGGGGGGGGGGGGGGGGGGGGGGGGGGGGGGGGGGGGGGGGGGGGGGGGGGGPPGGLGGTGGGAPHPSNGGGGGGGGGSGGGSGGGGDPGPGGGPGGDGGGDGGGGGGGGGGGGGGGGGDGGGGGGGGGGGGGGGGGGGDGGGGGGGGGPGGSGGGGGGGGGGGGPGGGGGGGGGGGGSGPGGGGGGGGGGGGGPGGGGGG,62.20921010803526
fold_02,BRAF,fold_02_sample8_BRAF_4jvg_C_to_BRAF_2fb8_B,ok,GGGGGAGGGAGGGGGGGGGGGGGGAGGGGGGGGGGGGGGGGGGGVPPGGGGAGGGGGGGGGGGGGGGGTGGGGGGSGGGGGGGGGGGGGGDGDLGGGGGGGGGGGVAGGGGGGGGGGGGGGPGGGGGGDGGGGGGGGGGGGGGGAGGGGGNGGGSGGGGGGGGGGGGVGGGGGGGGGGGGGGGGGGGGGGGGGGPGDSGGGSGGGGAGGSGGGGGGGGGGGGGGGGGGGGGGGGGGGGGGGGGGGGGGGGGGGGGGGVG,67.32297003148327
fold_02,BRAF,fold_02_sample9_BRAF_4g9r_B_to_BRAF_3ppj_B,ok,GGGGGGGGGPGGGGGGGGGGPGGGGGGGGGGGGGGPGGGGGGGGGGGGGGGGGGGGGGGGGGGGGGGGTGSGGGGAGGGGGGGGVGGGGGGGPPGGGGGALGGGAGGGGGGGGGGGGGGGGGGGGGGGGGGGGGGGGGGGGGGGGGGGGSGGGGGGGGGGGGGGPGGGGGGGGGGGGGGGGGGGGGGAGGGGVPGGGGPGHGGGGSGGGGGGGGGGLPGGGGGGGGGGPGGGGGVGGAGGGAGPGGGGGGGGAGGGLGGGGG,68.38916335471515
fold_02,BRAF,fold_02_sample10_BRAF_4g9r_B_to_BRAF_3prf_A,ok,GGGGGRGGGPGGGGGSGGGGPGGGGGGGGGGGGGDGGGGGGGGGGPGAGGGGGGGGGGGGGGGGGGGGGGGGGGGGGGGGSGGGGDGGGGGGPTGEKAGGPALGGGGGGGGGGGGGGGGGGGGGGGGGGGGGGGGGGGGGPGGAGGGGGGGGGPGGGGGGGGPPGGGGGGGGGGGGGGGGGGGGGGGGGGGGGPGGTGPGHGGGGHGGGPGGPGGSGGGGGGGGGGGGGGGGGGGGGAGGGGGPGGGGGGGGGAGGLGGGGG,52.69883522340698
fold_02,BRAF,fold_02_sample11_BRAF_1uwh_A_to_BRAF_3ppk_A,ok,GGVGGGGGGGGGGGGGGGGGGGGGTGGGGGGGGGGGGGGGGGGGGPGGGGGGGGGGGGGGGGGGGGGGGGGGGGGGGGGGGGGGGGGGGGGGGGGGLGGGGGGGGGGGGGGGGGGPKGGAGGGGGGGPHPAGGGGGGGGGGGGGGSGGGGDGGGGGGGGGDGGGDPPGGGGGGGGGGGGGGGDGGGGGGGGGGGGGGGGGGGDGGGGGPGGGPGSSGGGGGGGGGGGGGGGGGGGGGGGGGGGPGTGGGGGGGGVGGPGGGGGP,58.92645245328261
fold_02,BRAF,fold_02_sample12_BRAF_4mbj_B_to_BRAF_4e26_A,ok,GGGGGTPGGGGGGGGGGTGGSHGGGGGGGGGGGGGGGPGGGGGGGGGGGTAGGGDGGGGGGGGGGGGGGGGGGGGGGGGGGGGGGGAGGGGGPCPGGCGEGGGGSSGGPSGGGGGGGGGGGGGDGGGGTGGGGGGGGGGGGGGGGGGGGGGGGGGGHGGGGGGGGGGGGGGGGGGGGGGGGGGGGCGGGGGCGGGGGGGCGGGGGGGGGGGGGGGGAGGGGGGGGGGGGGGPGGGSGGGGGGCGGGGGGGGGGGGPGGGGCLGGRPGAP,61.2240635980237
fold_02,BRAF,fold_02_sample13_BRAF_4g9r_B_to_BRAF_3ppj_A,ok,GGGDGAGGGGGGGGGGGGGPPGGGGGGGGGGGGGGGGGGGGGGGGPGGPGGGGGGGGGGGGGGGGGGGGGGGGGGGGGGGGGGGAGLGGGPLPTGAGAAAGGGGGGGGGGGGGGGGGGGGGGGGGGGGGGGGGGGSGGGGGGGGGGGGGSGPGPGGGGGGGGPPDGGGGGGGGGGGGGGGGGGGGGGGGGGGSPGGGDPGHHGGGDHGPGGGGGGGGGGGGGGPGGPGTGGGGGSGGAGGGGGAGGGGGGGGAAGGEEGGLG,57.17593481154904
fold_02,BRAF,fold_02_sample14_BRAF_1uwh_A_to_BRAF_3ppk_B,ok,GGGGGGGGGGGGGGGGGGGGGGGKAGGGGGGGGTGGGGGGGGGGGPGGGGGGGGGGGGGDGGGGGGGGGGGGGGGGGGGGGGGGGGGGGGGGGGGGGGAEAGGGGGGGGGGGAGGPRGGIGGTGPGGGGGGGGGGGGGGGGGGGGGGGGGGPGPGGGGGGDGGGDDPGGGGGGGGGGGGGGGDGGGGGGDGGGGGGGGGGGGDGGGGGGGGGGGGSGGGGGGGGGGGGPGGGGGGGGGGGGGGPGDGGGGGGGAGGAEGGGGGG,63.39379197946323
fold_02,BRAF,fold_02_sample15_BRAF_1uwh_A_to_BRAF_3pri_A,ok,GGGGGGVGGGGGGGGGGGGGGGGAGGGGGGAGGTGGGGGGGGGGGPAGAGGGGGGGGGGGGGGGGGGGGGGGGGGGGGGGGGGGGGGGGGGGGGGGGGGGGGGGGGGGGGGGGGGPPGGLGGGGGGGPKPAGGGGGGGGGGSGAGSGGGGDGGGGGGGGGDGGGAPPGGGGGGGGGGGGGGGDGGGGGGGGGGGGGGGGGGGDGGGGGGGGGGGGSGGGGGGGGGGGGPGGGGGGGGGGGGGGPGGGGGGGGGGGGGGGGGGGG,69.53880557327153
fold_02,BRAF,fold_02_sample16_BRAF_6xfp_A_to_BRAF_4h58_A,ok,GGGGGGGGGGGGGGGGGHGDGGGGGGGGGGGGGGGGGGGGGGGGGGGGGGTGGGGGGGGTGGGGGGHGGTGGGGGGGGGGGGGGGDGDPGPPAEGEAGAAGAGGAGGGGGTGGGGGKGGGPHGGGAHGGGGPGGGGGGGGGGGHGHGGGGGGGGGGGGGGGGGHGGGGGGGGGGGGGGGGGGGGGGPGGGGGGGGGGGGGGGGAGGGGGGGGDGGGGGGGGGGTGGGGGGGGGGGGGGGGGGGGAAGGGGGSGGAPGGAGGGGGPGGGPGGG,56.4048356641896
fold_02,BRAF,fold_02_sample17_BRAF_1uwh_A_to_BRAF_3psb_A,ok,GGGGGGGGGGGGGGGGGGGGGGGRGGGGGGGGGTGGGGGGGGGGGPGGGGGGGGGGGGGGGAGGGGGGGGGGGGGGGGGGGGGGGGGGGGGGAGGGAGGAGAGGGGPGGGGGAGGPGGDAGGTGGGGGGGAGGGGGGGGGGGGGGSGGGGGGGGGGGPGGDGGGGGGGGGGGGGGGGGGGGGDGGGVGGGGGGGGGGGGGGGDGGGDGGGGGPGGSGGGGGGGGGGGGGGGGGGGGGGGGGGGPGGGGGGGGGAGGGGGGGGPG,57.91114678331089
fold_02,BRAF,fold_02_sample18_BRAF_1uwh_A_to_BRAF_3psb_B,ok,GGGGGGGGGAAGGGGGGGGGGGGKAGGGGGGGGSGGGTGGGAGGAPAAAGGGGGGGGGGGGGGGGGGGGGGGGGGGGGGGGGGGGGDGGGGGPGGGGGGGGGGGGGGGGGGGGGGPPGGGGGGGGGGGGPGGGGGGGGGGGGGAGSGGGGDGGGGGGGGGGGGGGPPGGGGGGGGGGGGGGGGGGGGGGGGGGGGGGGGGGGPGGGGGGGGGPGGSGGGGGGGGGGGGPGGGGGGGGGGGGPGPGTGGGGGGGAGGVPGGGGGG,62.5963729712459
fold_02,BRAF,fold_02_sample19_BRAF_4g9r_B_to_BRAF_3prf_B,ok,GGGGGRGGGPGGGGGGGGGGPGGGGGGGGGGGGGGGGGGGGGGGGGGGPGGGGGGGGGGGGGGGGGGGGGGGGGGAGGGGGGGGVGGGGGGGPPPAAADGAAGGGGGGGGGGGGGGGGGGGGGGGGGGGGGGGGGGGGGGGGGGGGSGGGGGGPGGGGGGGGGPAGGGGGGGGGGGGGGGGGGGGGGGGGGGVGGGGGPGGGGGGSGGGGGGGGGGGGGSGGGGGGPGGGGGGGVGGGGGGGGAGGGGGGTGAGGIDGGGGG,54.05492766759239
fold_02,BRAF,fold_02_sample20_BRAF_4g9r_B_to_BRAF_3psd_A,ok,GGGGGAGGGPGGGAGGGGGGPGGGGGGGGGGGGGGTGGGGGGGGGPAAPGGGGGGGGGGGGGGGGGGGAGGGGGGGGGGGGGGGVGLGADDVEPGGRGGAPAGGGGGGGGGGGGAGGGGGGGGGGGGGGGGGGGGGGGGGGGGAGGGGGGGPGGGGGGGGGGPPDGGGGGGGGGGGGGGGGGGHGGGGGGGGTPGGGDGGHGGGGSGGGGGGGGGGGPGTGGGGGGGGGGGGGGAGGAGGGGGPGGGGGGSGGDGGVGGGGG,69.3807964230809
fold_02,BRAF,fold_02_sample21_BRAF_4ksq_B_to_BRAF_4yht_A,ok,HGPGGGGGGHGGGGGGGGGGGGGGGGGGGGGGHHGGGGGGGGCGGGGGGGGPSGGGGGGGGSGGSGAGSGHGGGGCGGGGGGGGGGDGGGDGPGGGGGGGGGGGGGAGGGGGGGGGGGGGGPGGGGGGGGGGPGGGGGGGGGGGGGSGTGGGGGGGGGGGGGGPGGGGGGGGGGGGGAGGGGGGGGGGGGGGGGGGGGSGGGGGDGGDGGGGAGGGGGVGGGGGGGGGVIGGGGGLGGPGGGGGGDGGAGAPGGPGAG,58.695763269159016
fold_02,BRAF,fold_02_sample22_BRAF_4ksq_B_to_BRAF_4yht_B,ok,HGPGGGGGGHGGGGGGGVGGGGGGGGGGGGGGHAGGGGGGGGCGGGGGGGGPTPGGGGGGGSGGSGGGAGHGGGGAGGGGGGAGGGGGGGAGPGGGGGGGGGGGAGAGGGGCGGGGGGGGGGGGGGGGGGPGGGGGGGGGGGGGGGCGTGGGGGGGGGGGGGGPGGGGGGGGGGGGGAAGGGGGGGGGGGGGGGGGGGAPGGGGDGGTGGPGAGGGGGPGPGGPGGPGSIGGGGGGAAPGGGGGGGGGAGSGEGPGAP,62.14472153066617
fold_02,BRAF,fold_02_sample23_BRAF_1uwh_A_to_BRAF_3q4c_A,ok,GGGGGGGGGGGGGGGGGGGGGGGGAGGGGGGGGGGGGGGGGGGGGPGGGGGGGGGGGGGDGGGGGGGGGGGGGGGGGGGGGGGGGGGGGGGGEGGGGGGGAAGGIGPGGGGGGGGPEGGLGGTGGGAGGGGGGGGGGGGGGGGGGGGGGGDGGGGGGAGGDGGGGAPGGGGGGGGGGGGGGGDGGGGGGGGGGGGGGGGGGGDGGGGGGGGGGGGSGTGGGGGGGGGGPGGGGGGGGGGGGPGPGGGGGGGGGAGGTPGGGGPG,69.6323557028588
fold_02,BRAF,fold_02_sample24_BRAF_6uan_B_to_BRAF_6u2h_C,ok,GGGPGGGGVPGGGGNGANGGTGGGGGHHGHGVGGGGGGGGGGGGGGGGGGGGGGGGGGGGGGGGGGGGGAGGGGGGGGGGGGGSGGCGGKGLGGGGGGEAVAKAAVAGAAGGGGGGGAGCGGGGSGTGGGGCTGGGGGGGGGGGGGGSGGGGGGGGGGGGGGGGGSGGGGGGGGGGGGGGGGGGGGGGGGGGGGGGVGGGGGGAGGGGGGGGGGGGGGDDGGGPGDRPSGPGEALDGPGGGGGGGGGGGGGGGGGGGGGGGAAGGGGAAAAEAAAAAAAGAAE,61.25600623276601
fold_02,BRAF,fold_02_sample25_BRAF_6uan_B_to_BRAF_6u2h_D,ok,GGGPGGGGVGGGGGDGGIGGGGGGGGGHGPGVGGGGGGGGGPGGGGGGGGGGGGGGGGGGGGGGNGGGGGGGGGGGGGGGGGGGGGGGGDGGAGGGGGASAAVVAVGGAGGPGGGGGAGGGGGGGGDGGGGGGGGGGGGGGGGGGGTGGGGGGGGGGGGGGGGGGGGGGGGGGGGGGGGGGGGGGGHGGGGGGGGGVGGGGGGAGGGGGGGGGGGGGGDDGGGPGDEGPGGGAGVPGALGGGGGGGGGGGGGGGGGGGGGGGGGGAAAEALEAAAAAAAAGAE,67.38708096758265
fold_02,BRAF,fold_02_sample26_BRAF_4xv9_A_to_BRAF_7shv_A,ok,GGGGGGGGGAGGGGGGGGGGGGGGGGAGGGGLGGGAGGGGGGGGGGGGGGGGGGGGGGGGGGGGGGGGGGGGPGGGGGGGGGGGGGGGGGPGAGGGGAGAGGGGGGGGAGGGGGGGGGGGGGGGGGGGGGGGAGGGSGGGGGGGGGGGGGGTGGCGGGGGPGGGGGGGGGGGGGGGGGGGGGGGPGGGGGGGGGADGGGGGGGCGGGGGGGGGGAGGGGGGGGAGGGGGGGGGGGGHGGEGERGGGGGGGGLGGGGGGGGG,66.90694915399651
fold_02,BRAF,fold_02_sample27_BRAF_4ksq_B_to_BRAF_4mne_G,ok,GGPGGGGGGAGGGGGGGGGGGGGGGGGAGGGGHGGGGGGGGGCGGGGGGGGPGPGGGGGGGGGGSGAGGGGGGGGAGGGGAGAGGGDGGGTGPGGEEGKGGGGPGGAGGGGGGGGGGGGGGGGGGGGGGGPGGGGGGGGGGGGGGGSGTAGGGGGGGGGGGGGGGGGCGGGGGGGGGAAGGGGGGGGGGGGGGGGGGGSGGGGGDGGTGAGGAGGGGGGGGGGGGSGGGIGGGGGGAGPGGGGGGDGGAAGGGGPPGP,60.846767945947455
fold_02,BRAF,fold_02_sample28_BRAF_3og7_A_to_BRAF_3og7_B,ok,GGGPGSGGGGGGGGGGGGGGGGGGGHGGGTGGGGGGGGGPGAGGGGGGGGGGVGGGGGGGGGGGGGTSGGGGGGGGGGGGAGGGGSGDGGGDGGGDGGGGGAGGGGGGGGGGGHGGGGGGGSGGGGGGAGGGAGGGASGGGGGGGGGGHVGGGGGGGGGGGGGGGGGGGGGGGGGGGGGGGGAGGGGGGGGGGGGGSGGGGGGGPGGGGGGGGGGGTGGGHGGGGGGGGGGGGGGGGGGGGGGPAGPGAGPPGG,58.513336467557046
fold_02,BRAF,fold_02_sample29_BRAF_6uan_B_to_BRAF_6q0k_A,ok,GGGPGGGGVVGGGGNGANGGSGGGGGGGGPGVGGGGGGGGGGGGGGGGGGGGGGGGGGGGGGGGGGGGGAGGGGGGGGGGGGGSGGGGGGGGGGAAGGEAAAAGGAVGGGGPGGGGGAGTGGGGGGSGGGGGGGGGGGGGAGGGGGGGAGGGGGGGGGGGGGGGGGGGGGGGGGGGGGGGGHGGGGGGGGGGGGGGVGGGGGGGGGGGGGGGGGGGGGGGGGGPGSGGTDDPVLVEGPLGGTGGGGGGGCGGGGGGGGGGGAGGADAAELRKEAEEAAPAE,64.2283928398554
fold_02,BRAF,fold_02_sample30_BRAF_4xv3_A_to_BRAF_4xv3_B,ok,GGGPGPGGGGVGGGGAGGGGGGGGVGGGGGGGGGGGPGGGGGGGGGGGGGGGAGGGGGGGGGGGAGGGGGGGGGGGGPGGPGGGGGAGGGGGGGGGGGGGGAGGGSGGGDGGGGGGGGGGGGGGGGGGGDDGGGGGGSDGGGGGGGGGGGGGSGGGGGGGGGGGGGGGGGGGGCGGGGGGGGCSGPGGGGGGGGGGGGGGLGGGGGGGGGGGGGGGGGGGGGGGPGGGGGGGGGGTGG,65.13186576710288
fold_02,BRAF,fold_02_sample31_BRAF_4xv2_A_to_BRAF_4xv1_B,ok,GGPAPGGGGGGGGGGGGGGGGGGGGGGGGGGGGGGGGGGGGGGGGGGGRGGGGGDGGGGGGGGGGGGGAGGGGGGGGGGGGGGGGGGGGGGGGGPGGGGGGGGDGSGGCGGGGPGGGGGPPGGGPGGGGGGGGGAPDPGGGGGGGGGGGGGGGPGGGGGGSSGGGGGGGGGGGGGGGAGGDGGGASGGGGGGGAGGGGVGGGGGGTGDGGGGGDGGPGGGGAGGDGGGGGGGGGGGGGGGGPPGGGGGG,61.44575490382731
fold_02,BRAF,fold_02_sample32_BRAF_3tv4_A_to_BRAF_6q0t_B,ok,GGGGGGGGGGGGGGGPGGGGTGGHCGGGGAGGGGGGGGGCGGGGGPGGGGPGCCDGGGGGGGGGGGGHGGGCGGGCGGGGAGGGGGGGGGGGGGGGGGGGGGGPGGSGGGGGGGGGGGGGGGGGGGNHGGGGGGGGGGGPGGGGGGGGGGGGGPGPGGGGHGGGGGGGGGGGGGGGGGGGAGGGGGGGGGGGGGGGGGGGGGGGGGGGGGGGGGGGGGGGGGGGGGGGGGGGRGGGDGGGGGGGGGGGGGGGGSGGGGGGGGPGGGGGGGPGPGGG,58.91869683870993
fold_02,BRAF,fold_02_sample33_BRAF_4wo5_A_to_BRAF_4fk3_B,ok,GGGGGGGDGGCAHGHGGGGGGGGGGGGGGGGPGGGGGAGGGGGGGGPGGGGGAGGGGAGGGGGGGGGGGGGGGGGGGGGGGGGGGGGGGGGGGGGGGGGGVGGGGAGPPGGGGGGGHGGPGGGGGGHGGGGGGGGGGPGGGGGGGGGGAGGGGGGGGGPGGGGPGGGGGGGGGSGGGGGGGGGGGGGVGGGAGGGGGGAGGGGGGGGGGGGGPGGGGGGGGGGGGGGGSGGGGGGGSGTGGGGGGGGGGGGGGGGGG,61.560464732945
fold_02,BRAF,fold_02_sample34_BRAF_4ksq_B_to_BRAF_4mne_F,ok,HGPGGGGGGHGGGGGGGGGAGGGGGGGAGGGGHHGGGGGGGGSGGGGGGGGPSPGGGGGGGGGGSGAGSGHGHGGSGGGGAGPGGGGGGGGGGGGGGGGPGGGGGGGGGGGCGGGGGGGGGGGGGGGGGGGGGGGGGGGGSGGGGGGGTAGGGGGSGGGGGGGPGGGGGGGGGGGGGGGGGGGGGGGGGGGGGGGGGGGPGGGGDGGGGGPGAGGGGGGGGGGGGGGGSIGGGGGGGGPGGGGGGDGGAATGGPPGGG,53.10980768565321
fold_02,BRAF,fold_02_sample35_BRAF_6xfp_A_to_BRAF_4h58_B,ok,GGGGDGGGAGGGGGGGGNGGGGGGGGGGGGGGGGGGGGGGGGGEGGGGGGVGGGGGGGGSGGGGGGHGGAGGGGGGGGGGGGGGGGGDPGPEEEREREKLGGGGGGGGGGTGGGGGGAGGGHGGGAGAGGGAGGGGGGGGGGGHGHGAGGGGGGGGGGGGGGGAGGGGGGGGGGGGGGGGGGGGGGPGGGGGGGGGGGGGGGGAGGGGGGGGCGGGCGGGGGGGGGGPGGGGDGGGGGGGGGGGAGGGGGGSGGGPGGGGGGGGPGGGPGGG,59.24645774096879
fold_02,BRAF,fold_02_sample36_BRAF_6uan_B_to_BRAF_6q0j_B,ok,GGGPGGGGSGGGGGNGGNGGGGGGGGGHGGGGGGGGGGGGGGGGGGGGGGGGGGGGGGGGGGGGNGGGGAGGGGGGGGGGGGGSGGGGGGGGDGGGGGEAAAAGVGGGGGGGGGGGGAGGGGGGGGDGGGGSGGGGGGGGAGGGGGTGGGGGGGGGGGGGGGGGGSGGGGGGGLGGGGGGGGGGGGHGGGGGGGGGVGGGGGGGGGGGGGGGGGGGGGGSGGGPGDEGSGGGEAVKGPGGGAGGGGGGGGGGGGGGGGGGGAGGGGGEELRRERREREEEE,63.30481988216707
