fold,kinase,sample_id,inactive_sample_id,active_sample_id,source,klifs_mapping_found,gen_d_ke,gen_d_fk,gen_d_fe,gen_alphac_in_pred,gen_dfg_in_pred,gen_active_pred,inactive_input_d_ke,inactive_input_d_fk,inactive_input_d_fe,inactive_input_alphac_in_pred,inactive_input_dfg_in_pred,inactive_input_active_pred,active_target_d_ke,active_target_d_fk,active_target_d_fe,active_target_alphac_in_pred,active_target_dfg_in_pred,active_target_active_pred
fold_01,ABL1,fold_01_sample0_ABL1_5hu9_A_to_ABL1_4twp_B,ABL1_5hu9_A,ABL1_4twp_B,generated_export_fallback,True,9.65826416015625,11.304743766784668,7.097630500793457,True,True,True,10.676717758178711,8.503915786743164,11.063420295715332,True,False,False,16.87827491760254,18.036415100097656,23.757614135742188,False,False,False
fold_01,ABL1,fold_01_sample1_ABL1_3qri_A_to_ABL1_2hz4_B,ABL1_3qri_A,ABL1_2hz4_B,generated_export_fallback,False,,,,,,,,,,,,,,,,,,
fold_01,ABL1,fold_01_sample2_ABL1_2g1t_B_to_ABL1_2gqg_A,ABL1_2g1t_B,ABL1_2gqg_A,generated_export_fallback,False,,,,,,,,,,,,,,,,,,
fold_01,ABL1,fold_01_sample3_ABL1_2e2b_B_to_ABL1_2v7a_B,ABL1_2e2b_B,ABL1_2v7a_B,generated_export_fallback,False,,,,,,,,,,,,,,,,,,
fold_01,ABL1,fold_01_sample4_ABL1_2g1t_B_to_ABL1_2gqg_B,ABL1_2g1t_B,ABL1_2gqg_B,generated_export_fallback,False,,,,,,,,,,,,,,,,,,
fold_01,ABL1,fold_01_sample5_ABL1_6xrg_A_to_ABL1_2f4j_A,ABL1_6xrg_A,ABL1_2f4j_A,generated_export_fallback,True,8.582359313964844,10.253376007080078,12.475335121154785,True,False,False,11.00641918182373,7.3082275390625,11.706013679504395,True,False,False,16.789094924926758,11.737726211547852,16.00665855407715,False,False,False
fold_01,ABL1,fold_01_sample6_ABL1_2e2b_B_to_ABL1_2g2i_B,ABL1_2e2b_B,ABL1_2g2i_B,generated_export_fallback,False,,,,,,,,,,,,,,,,,,
fold_01,ABL1,fold_01_sample7_ABL1_5hu9_A_to_ABL1_4twp_A,ABL1_5hu9_A,ABL1_4twp_A,generated_export_fallback,True,9.65826416015625,11.304743766784668,7.097630500793457,True,True,True,10.676717758178711,8.503915786743164,11.063420295715332,True,False,False,16.87827491760254,18.036415100097656,23.757614135742188,False,False,False
fold_01,ABL1,fold_01_sample8_ABL1_2e2b_B_to_ABL1_2v7a_A,ABL1_2e2b_B,ABL1_2v7a_A,generated_export_fallback,False,,,,,,,,,,,,,,,,,,
fold_01,ABL1,fold_01_sample9_ABL1_2e2b_B_to_ABL1_2g2i_A,ABL1_2e2b_B,ABL1_2g2i_A,generated_export_fallback,False,,,,,,,,,,,,,,,,,,
fold_01,ABL1,fold_01_sample10_ABL1_6xrg_A_to_ABL1_6xr6_A,ABL1_6xrg_A,ABL1_6xr6_A,generated_export_fallback,True,8.582359313964844,10.253376007080078,12.475335121154785,True,False,False,11.00641918182373,7.3082275390625,11.706013679504395,True,False,False,11.840319633483887,11.234586715698242,5.260013580322266,True,True,True
fold_01,ABL1,fold_01_sample11_ABL1_3qri_A_to_ABL1_2hz4_C,ABL1_3qri_A,ABL1_2hz4_C,generated_export_fallback,False,,,,,,,,,,,,,,,,,,
fold_01,ABL1,fold_01_sample12_ABL1_3qri_A_to_ABL1_2hz4_A,ABL1_3qri_A,ABL1_2hz4_A,generated_export_fallback,False,,,,,,,,,,,,,,,,,,
fold_02,BRAF,fold_02_sample0_BRAF_1uwh_A_to_BRAF_3d4q_A,BRAF_1uwh_A,BRAF_3d4q_A,generated_export_fallback,False,,,,,,,,,,,,,,,,,,
fold_02,BRAF,fold_02_sample1_BRAF_4wo5_A_to_BRAF_4mnf_A,BRAF_4wo5_A,BRAF_4mnf_A,generated_export_fallback,False,,,,,,,,,,,,,,,,,,
fold_02,BRAF,fold_02_sample2_BRAF_4wo5_A_to_BRAF_4mnf_B,BRAF_4wo5_A,BRAF_4mnf_B,generated_export_fallback,False,,,,,,,,,,,,,,,,,,
fold_02,BRAF,fold_02_sample3_BRAF_1uwh_A_to_BRAF_3d4q_B,BRAF_1uwh_A,BRAF_3d4q_B,generated_export_fallback,False,,,,,,,,,,,,,,,,,,
fold_02,BRAF,fold_02_sample4_BRAF_4jvg_C_to_BRAF_2fb8_A,BRAF_4jvg_C,BRAF_2fb8_A,generated_export_fallback,False,,,,,,,,,,,,,,,,,,
fold_02,BRAF,fold_02_sample5_BRAF_4g9r_B_to_BRAF_3psd_B,BRAF_4g9r_B,BRAF_3psd_B,generated_export_fallback,False,,,,,,,,,,,,,,,,,,
fold_02,BRAF,fold_02_sample6_BRAF_4mbj_B_to_BRAF_4e26_B,BRAF_4mbj_B,BRAF_4e26_B,generated_export_fallback,False,,,,,,,,,,,,,,,,,,
fold_02,BRAF,fold_02_sample7_BRAF_1uwh_A_to_BRAF_3pri_B,BRAF_1uwh_A,BRAF_3pri_B,generated_export_fallback,False,,,,,,,,,,,,,,,,,,
fold_02,BRAF,fold_02_sample8_BRAF_4jvg_C_to_BRAF_2fb8_B,BRAF_4jvg_C,BRAF_2fb8_B,generated_export_fallback,False,,,,,,,,,,,,,,,,,,
fold_02,BRAF,fold_02_sample9_BRAF_4g9r_B_to_BRAF_3ppj_B,BRAF_4g9r_B,BRAF_3ppj_B,generated_export_fallback,False,,,,,,,,,,,,,,,,,,
fold_02,BRAF,fold_02_sample10_BRAF_4g9r_B_to_BRAF_3prf_A,BRAF_4g9r_B,BRAF_3prf_A,generated_export_fallback,False,,,,,,,,,,,,,,,,,,
fold_02,BRAF,fold_02_sample11_BRAF_1uwh_A_to_BRAF_3ppk_A,BRAF_1uwh_A,BRAF_3ppk_A,generated_export_fallback,False,,,,,,,,,,,,,,,,,,
fold_02,BRAF,fold_02_sample12_BRAF_4mbj_B_to_BRAF_4e26_A,BRAF_4mbj_B,BRAF_4e26_A,generated_export_fallback,False,,,,,,,,,,,,,,,,,,
fold_02,BRAF,fold_02_sample13_BRAF_4g9r_B_to_BRAF_3ppj_A,BRAF_4g9r_B,BRAF_3ppj_A,generated_export_fallback,False,,,,,,,,,,,,,,,,,,
fold_02,BRAF,fold_02_sample14_BRAF_1uwh_A_to_BRAF_3ppk_B,BRAF_1uwh_A,BRAF_3ppk_B,generated_export_fallback,False,,,,,,,,,,,,,,,,,,
fold_02,BRAF,fold_02_sample15_BRAF_1uwh_A_to_BRAF_3pri_A,BRAF_1uwh_A,BRAF_3pri_A,generated_export_fallback,False,,,,,,,,,,,,,,,,,,
fold_02,BRAF,fold_02_sample16_BRAF_6xfp_A_to_BRAF_4h58_A,BRAF_6xfp_A,BRAF_4h58_A,generated_export_fallback,True,8.772163391113281,17.38973617553711,11.513456344604492,True,True,True,11.352009773254395,10.065359115600586,12.37660026550293,True,False,False,10.459278106689453,9.81898307800293,11.594852447509766,True,False,False
fold_02,BRAF,fold_02_sample17_BRAF_1uwh_A_to_BRAF_3psb_A,BRAF_1uwh_A,BRAF_3psb_A,generated_export_fallback,False,,,,,,,,,,,,,,,,,,
fold_02,BRAF,fold_02_sample18_BRAF_1uwh_A_to_BRAF_3psb_B,BRAF_1uwh_A,BRAF_3psb_B,generated_export_fallback,False,,,,,,,,,,,,,,,,,,
fold_02,BRAF,fold_02_sample19_BRAF_4g9r_B_to_BRAF_3prf_B,BRAF_4g9r_B,BRAF_3prf_B,generated_export_fallback,False,,,,,,,,,,,,,,,,,,
fold_02,BRAF,fold_02_sample20_BRAF_4g9r_B_to_BRAF_3psd_A,BRAF_4g9r_B,BRAF_3psd_A,generated_export_fallback,False,,,,,,,,,,,,,,,,,,
fold_02,BRAF,fold_02_sample21_BRAF_4ksq_B_to_BRAF_4yht_A,BRAF_4ksq_B,BRAF_4yht_A,generated_export_fallback,False,,,,,,,,,,,,,,,,,,
fold_02,BRAF,fold_02_sample22_BRAF_4ksq_B_to_BRAF_4yht_B,BRAF_4ksq_B,BRAF_4yht_B,generated_export_fallback,False,,,,,,,,,,,,,,,,,,
fold_02,BRAF,fold_02_sample23_BRAF_1uwh_A_to_BRAF_3q4c_A,BRAF_1uwh_A,BRAF_3q4c_A,generated_export_fallback,False,,,,,,,,,,,,,,,,,,
fold_02,BRAF,fold_02_sample24_BRAF_6uan_B_to_BRAF_6u2h_C,BRAF_6uan_B,BRAF_6u2h_C,generated_export_fallback,False,,,,,,,,,,,,,,,,,,
fold_02,BRAF,fold_02_sample25_BRAF_6uan_B_to_BRAF_6u2h_D,BRAF_6uan_B,BRAF_6u2h_D,generated_export_fallback,False,,,,,,,,,,,,,,,,,,
fold_02,BRAF,fold_02_sample26_BRAF_4xv9_A_to_BRAF_7shv_A,BRAF_4xv9_A,BRAF_7shv_A,generated_export_fallback,True,8.554353713989258,14.378130912780762,14.756671905517578,True,False,False,13.32499885559082,9.204421043395996,14.769719123840332,False,False,False,12.526006698608398,12.217686653137207,8.329730033874512,True,True,True
fold_02,BRAF,fold_02_sample27_BRAF_4ksq_B_to_BRAF_4mne_G,BRAF_4ksq_B,BRAF_4mne_G,generated_export_fallback,False,,,,,,,,,,,,,,,,,,
fold_02,BRAF,fold_02_sample28_BRAF_3og7_A_to_BRAF_3og7_B,BRAF_3og7_A,BRAF_3og7_B,generated_export_fallback,False,,,,,,,,,,,,,,,,,,
fold_02,BRAF,fold_02_sample29_BRAF_6uan_B_to_BRAF_6q0k_A,BRAF_6uan_B,BRAF_6q0k_A,generated_export_fallback,False,,,,,,,,,,,,,,,,,,
fold_02,BRAF,fold_02_sample30_BRAF_4xv3_A_to_BRAF_4xv3_B,BRAF_4xv3_A,BRAF_4xv3_B,generated_export_fallback,False,,,,,,,,,,,,,,,,,,
fold_02,BRAF,fold_02_sample31_BRAF_4xv2_A_to_BRAF_4xv1_B,BRAF_4xv2_A,BRAF_4xv1_B,generated_export_fallback,False,,,,,,,,,,,,,,,,,,
fold_02,BRAF,fold_02_sample32_BRAF_3tv4_A_to_BRAF_6q0t_B,BRAF_3tv4_A,BRAF_6q0t_B,generated_export_fallback,False,,,,,,,,,,,,,,,,,,
fold_02,BRAF,fold_02_sample33_BRAF_4wo5_A_to_BRAF_4fk3_B,BRAF_4wo5_A,BRAF_4fk3_B,generated_export_fallback,False,,,,,,,,,,,,,,,,,,
fold_02,BRAF,fold_02_sample34_BRAF_4ksq_B_to_BRAF_4mne_F,BRAF_4ksq_B,BRAF_4mne_F,generated_export_fallback,False,,,,,,,,,,,,,,,,,,
fold_02,BRAF,fold_02_sample35_BRAF_6xfp_A_to_BRAF_4h58_B,BRAF_6xfp_A,BRAF_4h58_B,generated_export_fallback,True,8.772163391113281,17.38973617553711,11.513456344604492,True,True,True,11.352009773254395,10.065359115600586,12.37660026550293,True,False,False,10.459278106689453,9.81898307800293,11.594852447509766,True,False,False
fold_02,BRAF,fold_02_sample36_BRAF_6uan_B_to_BRAF_6q0j_B,BRAF_6uan_B,BRAF_6q0j_B,generated_export_fallback,False,,,,,,,,,,,,,,,,,,
fold_02,BRAF,fold_02_sample37_BRAF_3tv4_A_to_BRAF_6xag_D,BRAF_3tv4_A,BRAF_6xag_D,generated_export_fallback,False,,,,,,,,,,,,,,,,,,
fold_02,BRAF,fold_02_sample38_BRAF_4ksq_B_to_BRAF_4mne_B,BRAF_4ksq_B,BRAF_4mne_B,generated_export_fallback,False,,,,,,,,,,,,,,,,,,
fold_02,BRAF,fold_02_sample39_BRAF_4ksq_B_to_BRAF_4mne_C,BRAF_4ksq_B,BRAF_4mne_C,generated_export_fallback,False,,,,,,,,,,,,,,,,,,
fold_02,BRAF,fold_02_sample40_BRAF_6uan_B_to_BRAF_6q0k_B,BRAF_6uan_B,BRAF_6q0k_B,generated_export_fallback,False,,,,,,,,,,,,,,,,,,
fold_02,BRAF,fold_02_sample41_BRAF_3tv4_A_to_BRAF_6xag_C,BRAF_3tv4_A,BRAF_6xag_C,generated_export_fallback,False,,,,,,,,,,,,,,,,,,
fold_02,BRAF,fold_02_sample42_BRAF_3tv4_A_to_BRAF_6q0t_A,BRAF_3tv4_A,BRAF_6q0t_A,generated_export_fallback,False,,,,,,,,,,,,,,,,,,
fold_02,BRAF,fold_02_sample43_BRAF_6uan_B_to_BRAF_6q0j_A,BRAF_6uan_B,BRAF_6q0j_A,generated_export_fallback,False,,,,,,,,,,,,,,,,,,
fold_02,BRAF,fold_02_sample44_BRAF_1uwh_A_to_BRAF_3q4c_B,BRAF_1uwh_A,BRAF_3q4c_B,generated_export_fallback,False,,,,,,,,,,,,,,,,,,
fold_03,EGFR,fold_03_sample0_EGFR_7k1h_A_to_EGFR_4ll0_B,EGFR_7k1h_A,EGFR_4ll0_B,generated_export_fallback,True,13.77774429321289,16.725860595703125,10.564858436584473,False,True,False,15.221214294433594,14.042834281921387,11.07638931274414,False,True,False,26.869455337524414,16.71491241455078,23.524789810180664,False,False,False
fold_03,EGFR,fold_03_sample1_EGFR_8f1w_A_to_EGFR_2ito_A,EGFR_8f1w_A,EGFR_2ito_A,generated_export_fallback,True,15.251261711120605,16.96156120300293,13.64972972869873,False,True,False,15.214454650878906,12.633342742919922,10.256383895874023,False,True,False,27.122970581054688,18.623016357421875,27.7291316986084,False,False,False
fold_03,EGFR,fold_03_sample2_EGFR_8a2a_A_to_EGFR_4li5_A,EGFR_8a2a_A,EGFR_4li5_A,generated_export_fallback,True,15.921968460083008,18.58490753173828,16.107168197631836,False,True,False,15.46004581451416,13.873969078063965,10.45824146270752,False,True,False,31.2098388671875,25.094879150390625,34.04391098022461,False,False,False
fold_03,EGFR,fold_03_sample3_EGFR_4i24_A_to_EGFR_4jq8_A,EGFR_4i24_A,EGFR_4jq8_A,generated_export_fallback,False,,,,,,,,,,,,,,,,,,
fold_03,EGFR,fold_03_sample4_EGFR_8fv3_A_to_EGFR_4r5s_A,EGFR_8fv3_A,EGFR_4r5s_A,generated_export_fallback,True,17.0609073638916,20.778776168823242,13.12684154510498,False,True,False,15.153759956359863,12.928518295288086,11.27603530883789,False,True,False,24.403261184692383,15.955207824707031,31.41707992553711,False,False,False
fold_03,EGFR,fold_03_sample5_EGFR_8fv4_A_to_EGFR_3vjo_A,EGFR_8fv4_A,EGFR_3vjo_A,generated_export_fallback,True,19.044876098632812,24.31852149963379,13.627129554748535,False,True,False,15.289265632629395,12.605169296264648,10.391335487365723,False,True,False,18.20400047302246,14.279787063598633,15.204845428466797,False,False,False
fold_03,EGFR,fold_03_sample6_EGFR_8a2a_A_to_EGFR_4lqm_A,EGFR_8a2a_A,EGFR_4lqm_A,generated_export_fallback,True,15.921968460083008,18.58490753173828,16.107168197631836,False,True,False,15.46004581451416,13.873969078063965,10.45824146270752,False,True,False,16.78148078918457,17.317155838012695,5.449098110198975,False,True,False
fold_03,EGFR,fold_03_sample7_EGFR_4i24_A_to_EGFR_2itu_A,EGFR_4i24_A,EGFR_2itu_A,generated_export_fallback,False,,,,,,,,,,,,,,,,,,
fold_03,EGFR,fold_03_sample8_EGFR_3poz_A_to_EGFR_4lrm_C,EGFR_3poz_A,EGFR_4lrm_C,generated_export_fallback,True,11.803446769714355,18.075403213500977,13.352453231811523,True,True,True,15.530685424804688,13.225614547729492,10.658873558044434,False,True,False,24.669795989990234,39.45716094970703,19.340547561645508,False,True,False
fold_03,EGFR,fold_03_sample9_EGFR_3w33_A_to_EGFR_4rix_B,EGFR_3w33_A,EGFR_4rix_B,generated_export_fallback,True,18.356618881225586,19.84599494934082,14.233369827270508,False,True,False,15.71829891204834,13.032513618469238,10.889366149902344,False,True,False,13.165240287780762,31.34510612487793,20.54546356201172,False,True,False
fold_03,EGFR,fold_03_sample10_EGFR_3poz_A_to_EGFR_4lrm_D,EGFR_3poz_A,EGFR_4lrm_D,generated_export_fallback,True,11.803446769714355,18.075403213500977,13.352453231811523,True,True,True,15.530685424804688,13.225614547729492,10.658873558044434,False,True,False,24.669795989990234,39.45716094970703,19.340547561645508,False,True,False
fold_03,EGFR,fold_03_sample11_EGFR_4i24_A_to_EGFR_4jq7_A,EGFR_4i24_A,EGFR_4jq7_A,generated_export_fallback,False,,,,,,,,,,,,,,,,,,
fold_03,EGFR,fold_03_sample12_EGFR_3ika_B_to_EGFR_3ika_A,EGFR_3ika_B,EGFR_3ika_A,generated_export_fallback,True,7.83110237121582,8.284016609191895,11.950061798095703,True,False,False,10.267831802368164,7.966836929321289,8.251585006713867,True,False,False,10.267831802368164,7.966836929321289,8.251585006713867,True,False,False
fold_03,EGFR,fold_03_sample13_EGFR_5hg5_A_to_EGFR_2itz_A,EGFR_5hg5_A,EGFR_2itz_A,generated_export_fallback,True,13.797563552856445,17.38483238220215,16.97520637512207,False,True,False,15.169968605041504,9.013341903686523,13.778077125549316,False,False,False,17.392541885375977,15.901838302612305,17.15803337097168,False,False,False
fold_03,EGFR,fold_03_sample14_EGFR_5cnn_B_to_EGFR_2ity_A,EGFR_5cnn_B,EGFR_2ity_A,generated_export_fallback,False,,,,,,,,,,,,,,,,,,
fold_03,EGFR,fold_03_sample15_EGFR_4i24_A_to_EGFR_2itn_A,EGFR_4i24_A,EGFR_2itn_A,generated_export_fallback,False,,,,,,,,,,,,,,,,,,
fold_03,EGFR,fold_03_sample16_EGFR_8fv3_A_to_EGFR_3ug2_A,EGFR_8fv3_A,EGFR_3ug2_A,generated_export_fallback,True,17.0609073638916,20.778776168823242,13.12684154510498,False,True,False,15.153759956359863,12.928518295288086,11.27603530883789,False,True,False,16.10458755493164,19.761306762695312,12.232111930847168,False,True,False
fold_03,EGFR,fold_03_sample17_EGFR_7k1h_A_to_EGFR_4ll0_A,EGFR_7k1h_A,EGFR_4ll0_A,generated_export_fallback,True,13.77774429321289,16.725860595703125,10.564858436584473,False,True,False,15.221214294433594,14.042834281921387,11.07638931274414,False,True,False,26.869455337524414,16.71491241455078,23.524789810180664,False,False,False
fold_03,EGFR,fold_03_sample18_EGFR_3gt8_B_to_EGFR_4rj7_A,EGFR_3gt8_B,EGFR_4rj7_A,generated_export_fallback,False,,,,,,,,,,,,,,,,,,
fold_03,EGFR,fold_03_sample19_EGFR_3w33_A_to_EGFR_4riy_B,EGFR_3w33_A,EGFR_4riy_B,generated_export_fallback,True,18.356618881225586,19.84599494934082,14.233369827270508,False,True,False,15.71829891204834,13.032513618469238,10.889366149902344,False,True,False,13.343220710754395,31.620874404907227,20.579708099365234,False,True,False
fold_03,EGFR,fold_03_sample20_EGFR_3w2s_A_to_EGFR_4g5j_A,EGFR_3w2s_A,EGFR_4g5j_A,generated_export_fallback,True,16.1375732421875,16.209585189819336,11.731493949890137,False,True,False,15.920622825622559,13.189234733581543,10.531829833984375,False,True,False,20.11593246459961,35.255043029785156,24.296247482299805,False,True,False
fold_03,EGFR,fold_03_sample21_EGFR_5cnn_B_to_EGFR_2itq_A,EGFR_5cnn_B,EGFR_2itq_A,generated_export_fallback,False,,,,,,,,,,,,,,,,,,
fold_03,EGFR,fold_03_sample22_EGFR_6v5n_C_to_EGFR_2eb3_A,EGFR_6v5n_C,EGFR_2eb3_A,generated_export_fallback,True,16.25343894958496,17.67335319519043,10.19441032409668,False,True,False,15.337162971496582,13.10576343536377,10.14118480682373,False,True,False,24.423025131225586,15.878491401672363,21.323104858398438,False,False,False
fold_03,EGFR,fold_03_sample23_EGFR_5cnn_B_to_EGFR_2itw_A,EGFR_5cnn_B,EGFR_2itw_A,generated_export_fallback,False,,,,,,,,,,,,,,,,,,
fold_03,EGFR,fold_03_sample24_EGFR_8f1w_A_to_EGFR_4g5p_A,EGFR_8f1w_A,EGFR_4g5p_A,generated_export_fallback,True,15.251261711120605,16.96156120300293,13.64972972869873,False,True,False,15.214454650878906,12.633342742919922,10.256383895874023,False,True,False,24.586000442504883,13.857531547546387,24.18632698059082,False,False,False
fold_03,EGFR,fold_03_sample25_EGFR_3poz_A_to_EGFR_4lrm_E,EGFR_3poz_A,EGFR_4lrm_E,generated_export_fallback,True,11.803446769714355,18.075403213500977,13.352453231811523,True,True,True,15.530685424804688,13.225614547729492,10.658873558044434,False,True,False,24.669795989990234,39.45716094970703,19.340547561645508,False,True,False
fold_03,EGFR,fold_03_sample26_EGFR_8f1w_A_to_EGFR_2itv_A,EGFR_8f1w_A,EGFR_2itv_A,generated_export_fallback,True,15.251261711120605,16.96156120300293,13.64972972869873,False,True,False,15.214454650878906,12.633342742919922,10.256383895874023,False,True,False,26.734987258911133,18.15315818786621,27.497467041015625,False,False,False
fold_03,EGFR,fold_03_sample27_EGFR_6v5p_D_to_EGFR_3w2p_A,EGFR_6v5p_D,EGFR_3w2p_A,generated_export_fallback,True,16.28612518310547,16.71036720275879,16.114500045776367,False,True,False,15.679459571838379,12.818632125854492,10.406577110290527,False,True,False,25.756542205810547,16.008867263793945,21.897640228271484,False,False,False
fold_03,EGFR,fold_03_sample28_EGFR_3w33_A_to_EGFR_4rj6_A,EGFR_3w33_A,EGFR_4rj6_A,generated_export_fallback,True,18.356618881225586,19.84599494934082,14.233369827270508,False,True,False,15.71829891204834,13.032513618469238,10.889366149902344,False,True,False,26.354106903076172,16.45802116394043,28.277996063232422,False,False,False
fold_03,EGFR,fold_03_sample29_EGFR_3w33_A_to_EGFR_4wkq_A,EGFR_3w33_A,EGFR_4wkq_A,generated_export_fallback,True,18.356618881225586,19.84599494934082,14.233369827270508,False,True,False,15.71829891204834,13.032513618469238,10.889366149902344,False,True,False,24.942182540893555,18.03386878967285,18.418292999267578,False,False,False
fold_03,EGFR,fold_03_sample30_EGFR_3poz_A_to_EGFR_4riw_D,EGFR_3poz_A,EGFR_4riw_D,generated_export_fallback,True,11.803446769714355,18.075403213500977,13.352453231811523,True,True,True,15.530685424804688,13.225614547729492,10.658873558044434,False,True,False,16.4925537109375,30.89752769470215,34.07817077636719,False,False,False
fold_03,EGFR,fold_03_sample31_EGFR_3w2s_A_to_EGFR_3w2q_A,EGFR_3w2s_A,EGFR_3w2q_A,generated_export_fallback,True,16.1375732421875,16.209585189819336,11.731493949890137,False,True,False,15.920622825622559,13.189234733581543,10.531829833984375,False,True,False,25.328758239746094,15.795999526977539,21.8955078125,False,False,False
fold_03,EGFR,fold_03_sample32_EGFR_3w33_A_to_EGFR_4riy_D,EGFR_3w33_A,EGFR_4riy_D,generated_export_fallback,True,18.356618881225586,19.84599494934082,14.233369827270508,False,True,False,15.71829891204834,13.032513618469238,10.889366149902344,False,True,False,13.343220710754395,31.620874404907227,20.579708099365234,False,True,False
fold_03,EGFR,fold_03_sample33_EGFR_3poz_A_to_EGFR_4lrm_A,EGFR_3poz_A,EGFR_4lrm_A,generated_export_fallback,True,11.803446769714355,18.075403213500977,13.352453231811523,True,True,True,15.530685424804688,13.225614547729492,10.658873558044434,False,True,False,24.669795989990234,39.45716094970703,19.340547561645508,False,True,False
fold_03,EGFR,fold_03_sample34_EGFR_6v6k_G_to_EGFR_4jrv_A,EGFR_6v6k_G,EGFR_4jrv_A,generated_export_fallback,False,,,,,,,,,,,,,,,,,,
fold_03,EGFR,fold_03_sample35_EGFR_6p8q_B_to_EGFR_2jiu_A,EGFR_6p8q_B,EGFR_2jiu_A,generated_export_fallback,False,,,,,,,,,,,,,,,,,,
fold_03,EGFR,fold_03_sample36_EGFR_5x2f_C_to_EGFR_1m17_A,EGFR_5x2f_C,EGFR_1m17_A,generated_export_fallback,False,,,,,,,,,,,,,,,,,,
fold_03,EGFR,fold_03_sample37_EGFR_6v5p_D_to_EGFR_2j5f_A,EGFR_6v5p_D,EGFR_2j5f_A,generated_export_fallback,True,16.28612518310547,16.71036720275879,16.114500045776367,False,True,False,15.679459571838379,12.818632125854492,10.406577110290527,False,True,False,27.12347412109375,18.55070686340332,28.055368423461914,False,False,False
fold_03,EGFR,fold_03_sample38_EGFR_3w2s_A_to_EGFR_2itx_A,EGFR_3w2s_A,EGFR_2itx_A,generated_export_fallback,True,16.1375732421875,16.209585189819336,11.731493949890137,False,True,False,15.920622825622559,13.189234733581543,10.531829833984375,False,True,False,24.131284713745117,15.822917938232422,21.06808853149414,False,False,False
fold_03,EGFR,fold_03_sample39_EGFR_8fv3_A_to_EGFR_4rj4_A,EGFR_8fv3_A,EGFR_4rj4_A,generated_export_fallback,True,17.0609073638916,20.778776168823242,13.12684154510498,False,True,False,15.153759956359863,12.928518295288086,11.27603530883789,False,True,False,21.282209396362305,18.210880279541016,17.593687057495117,False,True,False
fold_03,EGFR,fold_03_sample40_EGFR_3poz_A_to_EGFR_4lrm_B,EGFR_3poz_A,EGFR_4lrm_B,generated_export_fallback,True,11.803446769714355,18.075403213500977,13.352453231811523,True,True,True,15.530685424804688,13.225614547729492,10.658873558044434,False,True,False,24.669795989990234,39.45716094970703,19.340547561645508,False,True,False
fold_03,EGFR,fold_03_sample41_EGFR_3w33_A_to_EGFR_4rix_D,EGFR_3w33_A,EGFR_4rix_D,generated_export_fallback,True,18.356618881225586,19.84599494934082,14.233369827270508,False,True,False,15.71829891204834,13.032513618469238,10.889366149902344,False,True,False,13.165240287780762,31.34510612487793,20.54546356201172,False,True,False
fold_03,EGFR,fold_03_sample42_EGFR_3gt8_B_to_EGFR_4rj5_A,EGFR_3gt8_B,EGFR_4rj5_A,generated_export_fallback,False,,,,,,,,,,,,,,,,,,
fold_03,EGFR,fold_03_sample43_EGFR_4i24_A_to_EGFR_4i23_A,EGFR_4i24_A,EGFR_4i23_A,generated_export_fallback,False,,,,,,,,,,,,,,,,,,
fold_03,EGFR,fold_03_sample44_EGFR_8a2a_A_to_EGFR_2itp_A,EGFR_8a2a_A,EGFR_2itp_A,generated_export_fallback,True,15.921968460083008,18.58490753173828,16.107168197631836,False,True,False,15.46004581451416,13.873969078063965,10.45824146270752,False,True,False,17.157421112060547,16.109636306762695,17.0804500579834,False,False,False
fold_03,EGFR,fold_03_sample45_EGFR_3w33_A_to_EGFR_3vjn_A,EGFR_3w33_A,EGFR_3vjn_A,generated_export_fallback,True,18.356618881225586,19.84599494934082,14.233369827270508,False,True,False,15.71829891204834,13.032513618469238,10.889366149902344,False,True,False,17.533138275146484,18.729921340942383,28.179962158203125,False,False,False
fold_03,EGFR,fold_03_sample46_EGFR_3poz_A_to_EGFR_4riw_B,EGFR_3poz_A,EGFR_4riw_B,generated_export_fallback,True,11.803446769714355,18.075403213500977,13.352453231811523,True,True,True,15.530685424804688,13.225614547729492,10.658873558044434,False,True,False,16.4925537109375,30.89752769470215,34.07817077636719,False,False,False
fold_03,EGFR,fold_03_sample47_EGFR_4i24_A_to_EGFR_4jr3_A,EGFR_4i24_A,EGFR_4jr3_A,generated_export_fallback,False,,,,,,,,,,,,,,,,,,
fold_03,EGFR,fold_03_sample48_EGFR_5hg5_A_to_EGFR_2itt_A,EGFR_5hg5_A,EGFR_2itt_A,generated_export_fallback,True,13.797563552856445,17.38483238220215,16.97520637512207,False,True,False,15.169968605041504,9.013341903686523,13.778077125549316,False,False,False,17.15949821472168,15.98246955871582,16.934242248535156,False,False,False
fold_03,EGFR,fold_03_sample49_EGFR_8fv4_A_to_EGFR_4rj8_A,EGFR_8fv4_A,EGFR_4rj8_A,generated_export_fallback,True,19.044876098632812,24.31852149963379,13.627129554748535,False,True,False,15.289265632629395,12.605169296264648,10.391335487365723,False,True,False,22.255878448486328,17.077484130859375,15.464481353759766,False,True,False
fold_03,EGFR,fold_03_sample50_EGFR_8a2a_A_to_EGFR_2j6m_A,EGFR_8a2a_A,EGFR_2j6m_A,generated_export_fallback,True,15.921968460083008,18.58490753173828,16.107168197631836,False,True,False,15.46004581451416,13.873969078063965,10.45824146270752,False,True,False,17.27365493774414,15.854567527770996,17.20453453063965,False,False,False
fold_03,EGFR,fold_03_sample51_EGFR_8fv4_A_to_EGFR_5edq_A,EGFR_8fv4_A,EGFR_5edq_A,generated_export_fallback,True,19.044876098632812,24.31852149963379,13.627129554748535,False,True,False,15.289265632629395,12.605169296264648,10.391335487365723,False,True,False,24.539813995361328,16.087966918945312,31.37788200378418,False,False,False
fold_03,EGFR,fold_03_sample52_EGFR_5cnn_B_to_EGFR_5cal_A,EGFR_5cnn_B,EGFR_5cal_A,generated_export_fallback,False,,,,,,,,,,,,,,,,,,
fold_03,EGFR,fold_03_sample53_EGFR_3w33_A_to_EGFR_5cau_A,EGFR_3w33_A,EGFR_5cau_A,generated_export_fallback,True,18.356618881225586,19.84599494934082,14.233369827270508,False,True,False,15.71829891204834,13.032513618469238,10.889366149902344,False,True,False,25.59663963317871,17.914899826049805,31.240028381347656,False,False,False
fold_03,EGFR,fold_03_sample54_EGFR_8a2a_A_to_EGFR_5cav_A,EGFR_8a2a_A,EGFR_5cav_A,generated_export_fallback,True,15.921968460083008,18.58490753173828,16.107168197631836,False,True,False,15.46004581451416,13.873969078063965,10.45824146270752,False,True,False,17.32212257385254,16.21302032470703,17.478628158569336,False,False,False
fold_03,EGFR,fold_03_sample55_EGFR_8f1w_A_to_EGFR_5cap_A,EGFR_8f1w_A,EGFR_5cap_A,generated_export_fallback,True,15.251261711120605,16.96156120300293,13.64972972869873,False,True,False,15.214454650878906,12.633342742919922,10.256383895874023,False,True,False,24.963905334472656,16.110124588012695,22.362106323242188,False,False,False
fold_03,EGFR,fold_03_sample56_EGFR_5cnn_B_to_EGFR_5c8n_A,EGFR_5cnn_B,EGFR_5c8n_A,generated_export_fallback,False,,,,,,,,,,,,,,,,,,
fold_03,EGFR,fold_03_sample57_EGFR_5cnn_B_to_EGFR_5c8k_A,EGFR_5cnn_B,EGFR_5c8k_A,generated_export_fallback,False,,,,,,,,,,,,,,,,,,
fold_03,EGFR,fold_03_sample58_EGFR_5hg5_A_to_EGFR_5c8m_A,EGFR_5hg5_A,EGFR_5c8m_A,generated_export_fallback,True,13.797563552856445,17.38483238220215,16.97520637512207,False,True,False,15.169968605041504,9.013341903686523,13.778077125549316,False,False,False,20.19944190979004,15.898737907409668,11.842796325683594,False,True,False
fold_03,EGFR,fold_03_sample59_EGFR_6v6k_G_to_EGFR_5can_A,EGFR_6v6k_G,EGFR_5can_A,generated_export_fallback,False,,,,,,,,,,,,,,,,,,
fold_03,EGFR,fold_03_sample60_EGFR_6v6k_G_to_EGFR_5caq_A,EGFR_6v6k_G,EGFR_5caq_A,generated_export_fallback,False,,,,,,,,,,,,,,,,,,
fold_03,EGFR,fold_03_sample61_EGFR_8fv3_A_to_EGFR_5cas_A,EGFR_8fv3_A,EGFR_5cas_A,generated_export_fallback,True,17.0609073638916,20.778776168823242,13.12684154510498,False,True,False,15.153759956359863,12.928518295288086,11.27603530883789,False,True,False,22.328845977783203,19.927425384521484,17.555124282836914,False,True,False
fold_03,EGFR,fold_03_sample62_EGFR_5cnn_B_to_EGFR_5cao_A,EGFR_5cnn_B,EGFR_5cao_A,generated_export_fallback,False,,,,,,,,,,,,,,,,,,
fold_03,EGFR,fold_03_sample63_EGFR_8fv3_A_to_EGFR_5edr_A,EGFR_8fv3_A,EGFR_5edr_A,generated_export_fallback,True,17.0609073638916,20.778776168823242,13.12684154510498,False,True,False,15.153759956359863,12.928518295288086,11.27603530883789,False,True,False,24.77286148071289,15.973958015441895,22.272947311401367,False,False,False
fold_03,EGFR,fold_03_sample64_EGFR_5uga_A_to_EGFR_4zau_A,EGFR_5uga_A,EGFR_4zau_A,generated_export_fallback,True,13.816716194152832,17.01409339904785,15.976883888244629,False,True,False,14.97008228302002,9.111846923828125,13.897753715515137,False,False,False,18.18414878845215,29.062976837158203,11.129135131835938,False,True,False
fold_03,EGFR,fold_03_sample65_EGFR_5cnn_B_to_EGFR_5em7_A,EGFR_5cnn_B,EGFR_5em7_A,generated_export_fallback,False,,,,,,,,,,,,,,,,,,
fold_03,EGFR,fold_03_sample66_EGFR_6v6k_G_to_EGFR_5em6_A,EGFR_6v6k_G,EGFR_5em6_A,generated_export_fallback,False,,,,,,,,,,,,,,,,,,
fold_03,EGFR,fold_03_sample67_EGFR_8f1w_A_to_EGFR_5em8_A,EGFR_8f1w_A,EGFR_5em8_A,generated_export_fallback,True,15.251261711120605,16.96156120300293,13.64972972869873,False,True,False,15.214454650878906,12.633342742919922,10.256383895874023,False,True,False,22.459238052368164,18.862916946411133,15.533378601074219,False,True,False
fold_03,EGFR,fold_03_sample68_EGFR_8fv4_A_to_EGFR_5em5_A,EGFR_8fv4_A,EGFR_5em5_A,generated_export_fallback,True,19.044876098632812,24.31852149963379,13.627129554748535,False,True,False,15.289265632629395,12.605169296264648,10.391335487365723,False,True,False,22.142662048339844,17.367223739624023,15.732810974121094,False,True,False
fold_03,EGFR,fold_03_sample69_EGFR_6v66_C_to_EGFR_5hib_A,EGFR_6v66_C,EGFR_5hib_A,generated_export_fallback,False,,,,,,,,,,,,,,,,,,
fold_03,EGFR,fold_03_sample70_EGFR_5hg5_A_to_EGFR_5hic_A,EGFR_5hg5_A,EGFR_5hic_A,generated_export_fallback,True,13.797563552856445,17.38483238220215,16.97520637512207,False,True,False,15.169968605041504,9.013341903686523,13.778077125549316,False,False,False,20.287492752075195,15.625741004943848,11.256226539611816,False,True,False
fold_03,EGFR,fold_03_sample71_EGFR_4i24_A_to_EGFR_4wd5_A,EGFR_4i24_A,EGFR_4wd5_A,generated_export_fallback,False,,,,,,,,,,,,,,,,,,
fold_03,EGFR,fold_03_sample72_EGFR_7jxm_A_to_EGFR_5fee_A,EGFR_7jxm_A,EGFR_5fee_A,generated_export_fallback,True,17.991960525512695,19.766700744628906,9.571603775024414,False,True,False,15.388297080993652,12.824979782104492,10.277594566345215,False,True,False,16.281251907348633,18.086084365844727,12.17334270477295,False,True,False
fold_03,EGFR,fold_03_sample73_EGFR_6p1l_B_to_EGFR_5fed_A,EGFR_6p1l_B,EGFR_5fed_A,generated_export_fallback,False,,,,,,,,,,,,,,,,,,
fold_03,EGFR,fold_03_sample74_EGFR_7jxi_A_to_EGFR_5feq_A,EGFR_7jxi_A,EGFR_5feq_A,generated_export_fallback,True,15.332234382629395,16.481510162353516,10.272933959960938,False,True,False,15.204728126525879,12.72202205657959,10.26108455657959,False,True,False,18.397537231445312,22.40401840209961,12.06696605682373,False,True,False
fold_03,EGFR,fold_03_sample75_EGFR_5cnn_B_to_EGFR_5j9y_A,EGFR_5cnn_B,EGFR_5j9y_A,generated_export_fallback,False,,,,,,,,,,,,,,,,,,
fold_03,EGFR,fold_03_sample76_EGFR_7k1h_A_to_EGFR_5j9z_A,EGFR_7k1h_A,EGFR_5j9z_A,generated_export_fallback,True,13.77774429321289,16.725860595703125,10.564858436584473,False,True,False,15.221214294433594,14.042834281921387,11.07638931274414,False,True,False,27.31230926513672,18.307714462280273,28.20974349975586,False,False,False
fold_03,EGFR,fold_03_sample77_EGFR_8fv3_A_to_EGFR_5jeb_A,EGFR_8fv3_A,EGFR_5jeb_A,generated_export_fallback,True,17.0609073638916,20.778776168823242,13.12684154510498,False,True,False,15.153759956359863,12.928518295288086,11.27603530883789,False,True,False,17.443904876708984,11.171110153198242,15.186622619628906,False,False,False
fold_03,EGFR,fold_03_sample78_EGFR_5hg5_A_to_EGFR_5hcy_A,EGFR_5hg5_A,EGFR_5hcy_A,generated_export_fallback,True,13.797563552856445,17.38483238220215,16.97520637512207,False,True,False,15.169968605041504,9.013341903686523,13.778077125549316,False,False,False,22.15085792541504,16.988731384277344,15.032734870910645,False,True,False
fold_03,EGFR,fold_03_sample79_EGFR_8fv4_A_to_EGFR_5hcx_A,EGFR_8fv4_A,EGFR_5hcx_A,generated_export_fallback,True,19.044876098632812,24.31852149963379,13.627129554748535,False,True,False,15.289265632629395,12.605169296264648,10.391335487365723,False,True,False,26.10863494873047,18.01947784423828,21.83241844177246,False,False,False
fold_03,EGFR,fold_03_sample80_EGFR_5cnn_B_to_EGFR_5hcz_A,EGFR_5cnn_B,EGFR_5hcz_A,generated_export_fallback,False,,,,,,,,,,,,,,,,,,
fold_03,EGFR,fold_03_sample81_EGFR_3w2s_A_to_EGFR_5ugb_A,EGFR_3w2s_A,EGFR_5ugb_A,generated_export_fallback,True,16.1375732421875,16.209585189819336,11.731493949890137,False,True,False,15.920622825622559,13.189234733581543,10.531829833984375,False,True,False,28.97100257873535,21.377286911010742,21.844444274902344,False,False,False
fold_03,EGFR,fold_03_sample82_EGFR_4hjo_A_to_EGFR_5gnk_A,EGFR_4hjo_A,EGFR_5gnk_A,generated_export_fallback,True,12.40103530883789,15.817593574523926,17.391202926635742,True,False,False,15.300323486328125,12.355795860290527,9.990675926208496,False,True,False,36.753028869628906,28.883960723876953,31.980554580688477,False,False,False
fold_03,EGFR,fold_03_sample83_EGFR_8a2a_A_to_EGFR_5gmp_A,EGFR_8a2a_A,EGFR_5gmp_A,generated_export_fallback,True,15.921968460083008,18.58490753173828,16.107168197631836,False,True,False,15.46004581451416,13.873969078063965,10.45824146270752,False,True,False,23.89772605895996,15.69266414642334,20.71259307861328,False,False,False
fold_03,EGFR,fold_03_sample84_EGFR_3w32_A_to_EGFR_5gtz_A,EGFR_3w32_A,EGFR_5gtz_A,generated_export_fallback,True,13.1704740524292,15.77992057800293,15.432239532470703,False,True,False,15.45799732208252,12.873761177062988,10.83495807647705,False,True,False,24.328807830810547,15.77573013305664,21.16220474243164,False,False,False
fold_03,EGFR,fold_03_sample85_EGFR_6p1l_B_to_EGFR_5xgm_A,EGFR_6p1l_B,EGFR_5xgm_A,generated_export_fallback,False,,,,,,,,,,,,,,,,,,
fold_03,EGFR,fold_03_sample86_EGFR_6v5p_D_to_EGFR_5xgn_A,EGFR_6v5p_D,EGFR_5xgn_A,generated_export_fallback,True,16.28612518310547,16.71036720275879,16.114500045776367,False,True,False,15.679459571838379,12.818632125854492,10.406577110290527,False,True,False,17.536531448364258,12.952737808227539,19.411026000976562,False,False,False
fold_03,EGFR,fold_03_sample87_EGFR_3w2s_A_to_EGFR_5xdk_A,EGFR_3w2s_A,EGFR_5xdk_A,generated_export_fallback,True,16.1375732421875,16.209585189819336,11.731493949890137,False,True,False,15.920622825622559,13.189234733581543,10.531829833984375,False,True,False,25.889692306518555,17.510250091552734,21.700387954711914,False,False,False
fold_03,EGFR,fold_03_sample88_EGFR_7ltx_A_to_EGFR_5xdl_A,EGFR_7ltx_A,EGFR_5xdl_A,generated_export_fallback,True,16.302228927612305,18.34835433959961,11.579784393310547,False,True,False,14.90522575378418,13.805578231811523,10.649184226989746,False,True,False,21.510385513305664,16.989990234375,14.746108055114746,False,True,False
fold_03,EGFR,fold_03_sample89_EGFR_8a2a_A_to_EGFR_3w2o_A,EGFR_8a2a_A,EGFR_3w2o_A,generated_export_fallback,True,15.921968460083008,18.58490753173828,16.107168197631836,False,True,False,15.46004581451416,13.873969078063965,10.45824146270752,False,True,False,18.206661224365234,16.45828628540039,17.226547241210938,False,False,False
fold_03,EGFR,fold_03_sample90_EGFR_5hg5_A_to_EGFR_5x27_A,EGFR_5hg5_A,EGFR_5x27_A,generated_export_fallback,True,13.797563552856445,17.38483238220215,16.97520637512207,False,True,False,15.169968605041504,9.013341903686523,13.778077125549316,False,False,False,17.4207706451416,15.749771118164062,17.24925422668457,False,False,False
fold_03,EGFR,fold_03_sample91_EGFR_5hg5_A_to_EGFR_5x26_A,EGFR_5hg5_A,EGFR_5x26_A,generated_export_fallback,True,13.797563552856445,17.38483238220215,16.97520637512207,False,True,False,15.169968605041504,9.013341903686523,13.778077125549316,False,False,False,17.367061614990234,15.888253211975098,17.246110916137695,False,False,False
fold_03,EGFR,fold_03_sample92_EGFR_3ika_B_to_EGFR_5x28_A,EGFR_3ika_B,EGFR_5x28_A,generated_export_fallback,True,7.83110237121582,8.284016609191895,11.950061798095703,True,False,False,10.267831802368164,7.966836929321289,8.251585006713867,True,False,False,11.182482719421387,12.880690574645996,5.530914783477783,True,True,True
fold_03,EGFR,fold_03_sample93_EGFR_6v66_C_to_EGFR_5x2k_A,EGFR_6v66_C,EGFR_5x2k_A,generated_export_fallback,False,,,,,,,,,,,,,,,,,,
fold_03,EGFR,fold_03_sample94_EGFR_5cnn_B_to_EGFR_5y9t_A,EGFR_5cnn_B,EGFR_5y9t_A,generated_export_fallback,False,,,,,,,,,,,,,,,,,,
fold_03,EGFR,fold_03_sample95_EGFR_7ltx_A_to_EGFR_5y25_A,EGFR_7ltx_A,EGFR_5y25_A,generated_export_fallback,True,16.302228927612305,18.34835433959961,11.579784393310547,False,True,False,14.90522575378418,13.805578231811523,10.649184226989746,False,True,False,17.44530487060547,18.55623435974121,7.633875370025635,False,True,False
fold_03,EGFR,fold_03_sample96_EGFR_4i24_A_to_EGFR_6d8e_A,EGFR_4i24_A,EGFR_6d8e_A,generated_export_fallback,False,,,,,,,,,,,,,,,,,,
fold_03,EGFR,fold_03_sample97_EGFR_6v5n_C_to_EGFR_5zto_A,EGFR_6v5n_C,EGFR_5zto_A,generated_export_fallback,True,16.25343894958496,17.67335319519043,10.19441032409668,False,True,False,15.337162971496582,13.10576343536377,10.14118480682373,False,True,False,21.927501678466797,17.216333389282227,15.498453140258789,False,True,False
fold_03,EGFR,fold_03_sample98_EGFR_3ika_B_to_EGFR_6s89_A,EGFR_3ika_B,EGFR_6s89_A,generated_export_fallback,True,7.83110237121582,8.284016609191895,11.950061798095703,True,False,False,10.267831802368164,7.966836929321289,8.251585006713867,True,False,False,11.525250434875488,13.600890159606934,6.298661231994629,True,True,True
fold_03,EGFR,fold_03_sample99_EGFR_6v66_C_to_EGFR_6s8a_A,EGFR_6v66_C,EGFR_6s8a_A,generated_export_fallback,False,,,,,,,,,,,,,,,,,,
fold_03,EGFR,fold_03_sample100_EGFR_5cnn_B_to_EGFR_6s9d_A,EGFR_5cnn_B,EGFR_6s9d_A,generated_export_fallback,False,,,,,,,,,,,,,,,,,,
fold_03,EGFR,fold_03_sample101_EGFR_6v6k_G_to_EGFR_6s9c_A,EGFR_6v6k_G,EGFR_6s9c_A,generated_export_fallback,False,,,,,,,,,,,,,,,,,,
fold_03,EGFR,fold_03_sample102_EGFR_7k1h_A_to_EGFR_6s9b_A,EGFR_7k1h_A,EGFR_6s9b_A,generated_export_fallback,True,13.77774429321289,16.725860595703125,10.564858436584473,False,True,False,15.221214294433594,14.042834281921387,11.07638931274414,False,True,False,23.420461654663086,19.124727249145508,11.209834098815918,False,True,False
fold_03,EGFR,fold_03_sample103_EGFR_5x2f_C_to_EGFR_6jz0_A,EGFR_5x2f_C,EGFR_6jz0_A,generated_export_fallback,False,,,,,,,,,,,,,,,,,,
fold_03,EGFR,fold_03_sample104_EGFR_5cnn_B_to_EGFR_6jrx_A,EGFR_5cnn_B,EGFR_6jrx_A,generated_export_fallback,False,,,,,,,,,,,,,,,,,,
fold_03,EGFR,fold_03_sample105_EGFR_6p1l_B_to_EGFR_6jrj_A,EGFR_6p1l_B,EGFR_6jrj_A,generated_export_fallback,False,,,,,,,,,,,,,,,,,,
fold_03,EGFR,fold_03_sample106_EGFR_5uga_A_to_EGFR_6jrk_A,EGFR_5uga_A,EGFR_6jrk_A,generated_export_fallback,True,13.816716194152832,17.01409339904785,15.976883888244629,False,True,False,14.97008228302002,9.111846923828125,13.897753715515137,False,False,False,23.287614822387695,29.906980514526367,9.57012939453125,False,True,False
fold_03,EGFR,fold_03_sample107_EGFR_2rfd_A_to_EGFR_6vhn_A,EGFR_2rfd_A,EGFR_6vhn_A,generated_export_fallback,False,,,,,,,,,,,,,,,,,,
fold_03,EGFR,fold_03_sample108_EGFR_3w32_A_to_EGFR_6jwl_A,EGFR_3w32_A,EGFR_6jwl_A,generated_export_fallback,True,13.1704740524292,15.77992057800293,15.432239532470703,False,True,False,15.45799732208252,12.873761177062988,10.83495807647705,False,True,False,26.482397079467773,18.2147274017334,27.6877384185791,False,False,False
fold_03,EGFR,fold_03_sample109_EGFR_1xkk_A_to_EGFR_6jx0_A,EGFR_1xkk_A,EGFR_6jx0_A,generated_export_fallback,True,13.447559356689453,21.262849807739258,12.088469505310059,False,True,False,14.925261497497559,13.084449768066406,10.02114486694336,False,True,False,34.645809173583984,17.11554527282715,40.60027313232422,False,False,False
fold_03,EGFR,fold_03_sample110_EGFR_6v66_C_to_EGFR_6jx4_A,EGFR_6v66_C,EGFR_6jx4_A,generated_export_fallback,False,,,,,,,,,,,,,,,,,,
fold_03,EGFR,fold_03_sample111_EGFR_6v5p_D_to_EGFR_6vhp_A,EGFR_6v5p_D,EGFR_6vhp_A,generated_export_fallback,True,16.28612518310547,16.71036720275879,16.114500045776367,False,True,False,15.679459571838379,12.818632125854492,10.406577110290527,False,True,False,27.46671485900879,18.235698699951172,28.06346321105957,False,False,False
fold_03,EGFR,fold_03_sample112_EGFR_3gt8_B_to_EGFR_6vh4_A,EGFR_3gt8_B,EGFR_6vh4_A,generated_export_fallback,False,,,,,,,,,,,,,,,,,,
fold_03,EGFR,fold_03_sample113_EGFR_6v6k_G_to_EGFR_6lub_A,EGFR_6v6k_G,EGFR_6lub_A,generated_export_fallback,False,,,,,,,,,,,,,,,,,,
fold_03,EGFR,fold_03_sample114_EGFR_3ika_B_to_EGFR_6lud_A,EGFR_3ika_B,EGFR_6lud_A,generated_export_fallback,True,7.83110237121582,8.284016609191895,11.950061798095703,True,False,False,10.267831802368164,7.966836929321289,8.251585006713867,True,False,False,16.560667037963867,19.86843490600586,7.373320579528809,False,True,False
fold_03,EGFR,fold_03_sample115_EGFR_5x2f_C_to_EGFR_7aem_A,EGFR_5x2f_C,EGFR_7aem_A,generated_export_fallback,False,,,,,,,,,,,,,,,,,,
fold_03,EGFR,fold_03_sample116_EGFR_6v66_C_to_EGFR_7aei_A,EGFR_6v66_C,EGFR_7aei_A,generated_export_fallback,False,,,,,,,,,,,,,,,,,,
fold_03,EGFR,fold_03_sample117_EGFR_5uga_A_to_EGFR_7lgs_A,EGFR_5uga_A,EGFR_7lgs_A,generated_export_fallback,True,13.816716194152832,17.01409339904785,15.976883888244629,False,True,False,14.97008228302002,9.111846923828125,13.897753715515137,False,False,False,17.23887825012207,11.755424499511719,12.338309288024902,False,False,False
fold_03,EGFR,fold_03_sample118_EGFR_8a2a_A_to_EGFR_7oxb_A,EGFR_8a2a_A,EGFR_7oxb_A,generated_export_fallback,True,15.921968460083008,18.58490753173828,16.107168197631836,False,True,False,15.46004581451416,13.873969078063965,10.45824146270752,False,True,False,22.248262405395508,18.694923400878906,15.252666473388672,False,True,False
fold_03,EGFR,fold_03_sample119_EGFR_8fv3_A_to_EGFR_7kxz_A,EGFR_8fv3_A,EGFR_7kxz_A,generated_export_fallback,True,17.0609073638916,20.778776168823242,13.12684154510498,False,True,False,15.153759956359863,12.928518295288086,11.27603530883789,False,True,False,21.887357711791992,19.74935531616211,17.107534408569336,False,True,False
fold_03,EGFR,fold_03_sample120_EGFR_4zjv_A_to_EGFR_7a6i_A,EGFR_4zjv_A,EGFR_7a6i_A,generated_export_fallback,True,13.295878410339355,14.53398609161377,8.693933486938477,False,True,False,14.652588844299316,6.8850555419921875,10.482043266296387,False,False,False,17.802051544189453,13.760543823242188,12.019959449768066,False,True,False
fold_03,EGFR,fold_03_sample121_EGFR_5x2f_C_to_EGFR_7b85_A,EGFR_5x2f_C,EGFR_7b85_A,generated_export_fallback,False,,,,,,,,,,,,,,,,,,
fold_03,EGFR,fold_03_sample122_EGFR_7ltx_A_to_EGFR_7er2_A,EGFR_7ltx_A,EGFR_7er2_A,generated_export_fallback,True,16.302228927612305,18.34835433959961,11.579784393310547,False,True,False,14.90522575378418,13.805578231811523,10.649184226989746,False,True,False,15.068192481994629,18.57274055480957,9.08220100402832,False,True,False
fold_03,EGFR,fold_03_sample123_EGFR_1xkk_A_to_EGFR_7vra_A,EGFR_1xkk_A,EGFR_7vra_A,generated_export_fallback,True,13.447559356689453,21.262849807739258,12.088469505310059,False,True,False,14.925261497497559,13.084449768066406,10.02114486694336,False,True,False,34.41318893432617,26.567428588867188,32.08880615234375,False,False,False
fold_03,EGFR,fold_03_sample124_EGFR_5x2f_C_to_EGFR_7vre_A,EGFR_5x2f_C,EGFR_7vre_A,generated_export_fallback,False,,,,,,,,,,,,,,,,,,
fold_03,EGFR,fold_03_sample125_EGFR_6p8q_B_to_EGFR_8d73_A,EGFR_6p8q_B,EGFR_8d73_A,generated_export_fallback,False,,,,,,,,,,,,,,,,,,
fold_03,EGFR,fold_03_sample126_EGFR_5x2f_C_to_EGFR_8d76_A,EGFR_5x2f_C,EGFR_8d76_A,generated_export_fallback,False,,,,,,,,,,,,,,,,,,
fold_03,EGFR,fold_03_sample127_EGFR_6p8q_B_to_EGFR_7t4i_A,EGFR_6p8q_B,EGFR_7t4i_A,generated_export_fallback,False,,,,,,,,,,,,,,,,,,
fold_03,EGFR,fold_03_sample128_EGFR_3gt8_B_to_EGFR_7u9a_A,EGFR_3gt8_B,EGFR_7u9a_A,generated_export_fallback,False,,,,,,,,,,,,,,,,,,
fold_03,EGFR,fold_03_sample129_EGFR_7jxi_A_to_EGFR_7ukv_A,EGFR_7jxi_A,EGFR_7ukv_A,generated_export_fallback,True,15.332234382629395,16.481510162353516,10.272933959960938,False,True,False,15.204728126525879,12.72202205657959,10.26108455657959,False,True,False,17.106985092163086,20.196258544921875,7.530919075012207,False,True,False
fold_03,EGFR,fold_03_sample130_EGFR_5hg7_A_to_EGFR_7t4j_A,EGFR_5hg7_A,EGFR_7t4j_A,generated_export_fallback,True,13.213874816894531,18.917869567871094,13.533265113830566,False,True,False,14.997526168823242,9.154056549072266,13.560986518859863,False,False,False,13.995734214782715,13.506781578063965,9.492141723632812,False,True,False
fold_03,EGFR,fold_03_sample131_EGFR_8a2a_A_to_EGFR_7u99_A,EGFR_8a2a_A,EGFR_7u99_A,generated_export_fallback,True,15.921968460083008,18.58490753173828,16.107168197631836,False,True,False,15.46004581451416,13.873969078063965,10.45824146270752,False,True,False,27.994400024414062,21.16851234436035,31.086986541748047,False,False,False
fold_03,EGFR,fold_03_sample132_EGFR_8a2a_A_to_EGFR_7zyp_A,EGFR_8a2a_A,EGFR_7zyp_A,generated_export_fallback,True,15.921968460083008,18.58490753173828,16.107168197631836,False,True,False,15.46004581451416,13.873969078063965,10.45824146270752,False,True,False,27.127748489379883,18.55833625793457,28.255022048950195,False,False,False
fold_03,EGFR,fold_03_sample133_EGFR_5x2a_B_to_EGFR_7zym_A,EGFR_5x2a_B,EGFR_7zym_A,generated_export_fallback,True,15.509571075439453,17.963367462158203,20.001840591430664,False,False,False,15.388412475585938,12.761008262634277,10.388898849487305,False,True,False,20.4454402923584,20.496213912963867,5.752520561218262,False,True,False
fold_03,EGFR,fold_03_sample134_EGFR_3w32_A_to_EGFR_7zyn_A,EGFR_3w32_A,EGFR_7zyn_A,generated_export_fallback,True,13.1704740524292,15.77992057800293,15.432239532470703,False,True,False,15.45799732208252,12.873761177062988,10.83495807647705,False,True,False,20.259689331054688,20.4166202545166,5.791441917419434,False,True,False
fold_03,EGFR,fold_03_sample135_EGFR_5hg7_A_to_EGFR_8g63_A,EGFR_5hg7_A,EGFR_8g63_A,generated_export_fallback,True,13.213874816894531,18.917869567871094,13.533265113830566,False,True,False,14.997526168823242,9.154056549072266,13.560986518859863,False,False,False,18.35407257080078,14.365558624267578,15.239948272705078,False,False,False
fold_03,EGFR,fold_03_sample136_EGFR_3ika_B_to_EGFR_8f1z_A,EGFR_3ika_B,EGFR_8f1z_A,generated_export_fallback,True,7.83110237121582,8.284016609191895,11.950061798095703,True,False,False,10.267831802368164,7.966836929321289,8.251585006713867,True,False,False,17.02188491821289,17.54969596862793,5.563482761383057,False,True,False
fold_03,EGFR,fold_03_sample137_EGFR_3poz_A_to_EGFR_8f1y_A,EGFR_3poz_A,EGFR_8f1y_A,generated_export_fallback,True,11.803446769714355,18.075403213500977,13.352453231811523,True,True,True,15.530685424804688,13.225614547729492,10.658873558044434,False,True,False,24.821748733520508,23.64251136779785,21.126684188842773,False,True,False
fold_03,EGFR,fold_03_sample138_EGFR_8fv3_A_to_EGFR_8hy7_A,EGFR_8fv3_A,EGFR_8hy7_A,generated_export_fallback,True,17.0609073638916,20.778776168823242,13.12684154510498,False,True,False,15.153759956359863,12.928518295288086,11.27603530883789,False,True,False,22.346065521240234,19.869190216064453,17.387474060058594,False,True,False
fold_03,EGFR,fold_03_sample139_EGFR_3w32_A_to_EGFR_8f1x_A,EGFR_3w32_A,EGFR_8f1x_A,generated_export_fallback,True,13.1704740524292,15.77992057800293,15.432239532470703,False,True,False,15.45799732208252,12.873761177062988,10.83495807647705,False,True,False,22.04168701171875,18.362497329711914,15.34532356262207,False,True,False
fold_03,EGFR,fold_03_sample140_EGFR_8fv3_A_to_EGFR_8h7x_A,EGFR_8fv3_A,EGFR_8h7x_A,generated_export_fallback,True,17.0609073638916,20.778776168823242,13.12684154510498,False,True,False,15.153759956359863,12.928518295288086,11.27603530883789,False,True,False,25.401479721069336,17.322927474975586,32.01197814941406,False,False,False
fold_03,EGFR,fold_03_sample141_EGFR_3w2s_A_to_EGFR_8dsw_A,EGFR_3w2s_A,EGFR_8dsw_A,generated_export_fallback,True,16.1375732421875,16.209585189819336,11.731493949890137,False,True,False,15.920622825622559,13.189234733581543,10.531829833984375,False,True,False,28.139060974121094,16.812299728393555,33.73272705078125,False,False,False
fold_03,EGFR,fold_03_sample142_EGFR_3w2s_A_to_EGFR_8f1h_A,EGFR_3w2s_A,EGFR_8f1h_A,generated_export_fallback,True,16.1375732421875,16.209585189819336,11.731493949890137,False,True,False,15.920622825622559,13.189234733581543,10.531829833984375,False,True,False,25.014604568481445,15.964424133300781,22.016334533691406,False,False,False
fold_03,EGFR,fold_03_sample143_EGFR_8a2a_A_to_EGFR_8hv9_A,EGFR_8a2a_A,EGFR_8hv9_A,generated_export_fallback,True,15.921968460083008,18.58490753173828,16.107168197631836,False,True,False,15.46004581451416,13.873969078063965,10.45824146270752,False,True,False,10.856460571289062,13.315546035766602,5.434956073760986,True,True,True
fold_03,EGFR,fold_03_sample144_EGFR_3w2s_A_to_EGFR_8hv6_A,EGFR_3w2s_A,EGFR_8hv6_A,generated_export_fallback,True,16.1375732421875,16.209585189819336,11.731493949890137,False,True,False,15.920622825622559,13.189234733581543,10.531829833984375,False,True,False,16.269676208496094,12.482534408569336,14.875267028808594,False,False,False
fold_03,EGFR,fold_03_sample145_EGFR_8a2a_A_to_EGFR_8hv5_A,EGFR_8a2a_A,EGFR_8hv5_A,generated_export_fallback,True,15.921968460083008,18.58490753173828,16.107168197631836,False,True,False,15.46004581451416,13.873969078063965,10.45824146270752,False,True,False,11.359530448913574,13.413875579833984,5.403027057647705,True,True,True
fold_03,EGFR,fold_03_sample146_EGFR_6v6k_G_to_EGFR_8hv7_A,EGFR_6v6k_G,EGFR_8hv7_A,generated_export_fallback,False,,,,,,,,,,,,,,,,,,
fold_03,EGFR,fold_03_sample147_EGFR_3w2s_A_to_EGFR_8hv3_A,EGFR_3w2s_A,EGFR_8hv3_A,generated_export_fallback,True,16.1375732421875,16.209585189819336,11.731493949890137,False,True,False,15.920622825622559,13.189234733581543,10.531829833984375,False,True,False,16.272966384887695,12.617777824401855,15.074926376342773,False,False,False
fold_03,EGFR,fold_03_sample148_EGFR_8fv3_A_to_EGFR_8hv2_A,EGFR_8fv3_A,EGFR_8hv2_A,generated_export_fallback,True,17.0609073638916,20.778776168823242,13.12684154510498,False,True,False,15.153759956359863,12.928518295288086,11.27603530883789,False,True,False,11.935283660888672,16.76768684387207,17.048368453979492,True,False,False
fold_03,EGFR,fold_03_sample149_EGFR_6p8q_B_to_EGFR_8hv1_A,EGFR_6p8q_B,EGFR_8hv1_A,generated_export_fallback,False,,,,,,,,,,,,,,,,,,
fold_03,EGFR,fold_03_sample150_EGFR_8a2a_A_to_EGFR_8hv8_A,EGFR_8a2a_A,EGFR_8hv8_A,generated_export_fallback,True,15.921968460083008,18.58490753173828,16.107168197631836,False,True,False,15.46004581451416,13.873969078063965,10.45824146270752,False,True,False,10.844345092773438,13.121172904968262,5.342657089233398,True,True,True
fold_03,EGFR,fold_03_sample151_EGFR_8fv3_A_to_EGFR_8wd4_A,EGFR_8fv3_A,EGFR_8wd4_A,generated_export_fallback,True,17.0609073638916,20.778776168823242,13.12684154510498,False,True,False,15.153759956359863,12.928518295288086,11.27603530883789,False,True,False,29.884510040283203,22.873905181884766,30.794029235839844,False,False,False
fold_03,EGFR,fold_03_sample152_EGFR_4i24_A_to_EGFR_8hv4_A,EGFR_4i24_A,EGFR_8hv4_A,generated_export_fallback,False,,,,,,,,,,,,,,,,,,
fold_03,EGFR,fold_03_sample153_EGFR_6v6k_G_to_EGFR_8hva_A,EGFR_6v6k_G,EGFR_8hva_A,generated_export_fallback,False,,,,,,,,,,,,,,,,,,
fold_03,EGFR,fold_03_sample154_EGFR_8a2a_A_to_EGFR_8tjl_A,EGFR_8a2a_A,EGFR_8tjl_A,generated_export_fallback,True,15.921968460083008,18.58490753173828,16.107168197631836,False,True,False,15.46004581451416,13.873969078063965,10.45824146270752,False,True,False,21.775592803955078,16.655000686645508,15.138391494750977,False,True,False
fold_03,EGFR,fold_03_sample155_EGFR_5x2a_B_to_EGFR_8sc7_A,EGFR_5x2a_B,EGFR_8sc7_A,generated_export_fallback,True,15.509571075439453,17.963367462158203,20.001840591430664,False,False,False,15.388412475585938,12.761008262634277,10.388898849487305,False,True,False,28.73451805114746,21.34702491760254,25.049270629882812,False,False,False
fold_03,EGFR,fold_03_sample156_EGFR_6v6k_G_to_EGFR_8kfq_A,EGFR_6v6k_G,EGFR_8kfq_A,generated_export_fallback,False,,,,,,,,,,,,,,,,,,
fold_03,EGFR,fold_03_sample157_EGFR_5uga_A_to_EGFR_7lgs_D,EGFR_5uga_A,EGFR_7lgs_D,generated_export_fallback,True,13.816716194152832,17.01409339904785,15.976883888244629,False,True,False,14.97008228302002,9.111846923828125,13.897753715515137,False,False,False,17.23887825012207,11.755424499511719,12.338309288024902,False,False,False
fold_03,EGFR,fold_03_sample158_EGFR_5uga_A_to_EGFR_7lgs_C,EGFR_5uga_A,EGFR_7lgs_C,generated_export_fallback,True,13.816716194152832,17.01409339904785,15.976883888244629,False,True,False,14.97008228302002,9.111846923828125,13.897753715515137,False,False,False,17.23887825012207,11.755424499511719,12.338309288024902,False,False,False
fold_03,EGFR,fold_03_sample159_EGFR_5uga_A_to_EGFR_7lgs_B,EGFR_5uga_A,EGFR_7lgs_B,generated_export_fallback,True,13.816716194152832,17.01409339904785,15.976883888244629,False,True,False,14.97008228302002,9.111846923828125,13.897753715515137,False,False,False,17.23887825012207,11.755424499511719,12.338309288024902,False,False,False
fold_03,EGFR,fold_03_sample160_EGFR_6p8q_B_to_EGFR_4r3r_A,EGFR_6p8q_B,EGFR_4r3r_A,generated_export_fallback,False,,,,,,,,,,,,,,,,,,
fold_03,EGFR,fold_03_sample161_EGFR_3gt8_B_to_EGFR_5edp_A,EGFR_3gt8_B,EGFR_5edp_A,generated_export_fallback,False,,,,,,,,,,,,,,,,,,
fold_03,EGFR,fold_03_sample162_EGFR_5x2f_C_to_EGFR_2gs6_A,EGFR_5x2f_C,EGFR_2gs6_A,generated_export_fallback,False,,,,,,,,,,,,,,,,,,
fold_03,EGFR,fold_03_sample163_EGFR_3ika_B_to_EGFR_4r3p_A,EGFR_3ika_B,EGFR_4r3p_A,generated_export_fallback,True,7.83110237121582,8.284016609191895,11.950061798095703,True,False,False,10.267831802368164,7.966836929321289,8.251585006713867,True,False,False,16.667673110961914,14.030557632446289,11.456551551818848,False,True,False
fold_03,EGFR,fold_03_sample164_EGFR_3ika_B_to_EGFR_2j5e_A,EGFR_3ika_B,EGFR_2j5e_A,generated_export_fallback,True,7.83110237121582,8.284016609191895,11.950061798095703,True,False,False,10.267831802368164,7.966836929321289,8.251585006713867,True,False,False,15.816052436828613,12.84667682647705,10.871274948120117,False,True,False
fold_03,EGFR,fold_03_sample165_EGFR_7ltx_A_to_EGFR_7tvd_A,EGFR_7ltx_A,EGFR_7tvd_A,generated_export_fallback,True,16.302228927612305,18.34835433959961,11.579784393310547,False,True,False,14.90522575378418,13.805578231811523,10.649184226989746,False,True,False,13.332971572875977,19.620193481445312,10.949687957763672,False,True,False
fold_03,EGFR,fold_03_sample166_EGFR_3ika_B_to_EGFR_5czi_A,EGFR_3ika_B,EGFR_5czi_A,generated_export_fallback,True,7.83110237121582,8.284016609191895,11.950061798095703,True,False,False,10.267831802368164,7.966836929321289,8.251585006713867,True,False,False,17.06309700012207,14.43945026397705,11.653204917907715,False,True,False
fold_03,EGFR,fold_03_sample167_EGFR_3w2s_A_to_EGFR_4tks_A,EGFR_3w2s_A,EGFR_4tks_A,generated_export_fallback,True,16.1375732421875,16.209585189819336,11.731493949890137,False,True,False,15.920622825622559,13.189234733581543,10.531829833984375,False,True,False,23.735551834106445,18.964590072631836,11.439230918884277,False,True,False
fold_03,EGFR,fold_03_sample168_EGFR_5x2f_C_to_EGFR_5czh_A,EGFR_5x2f_C,EGFR_5czh_A,generated_export_fallback,False,,,,,,,,,,,,,,,,,,
fold_03,EGFR,fold_03_sample169_EGFR_5hg7_A_to_EGFR_7si1_A,EGFR_5hg7_A,EGFR_7si1_A,generated_export_fallback,True,13.213874816894531,18.917869567871094,13.533265113830566,False,True,False,14.997526168823242,9.154056549072266,13.560986518859863,False,False,False,20.240224838256836,32.337127685546875,16.540077209472656,False,True,False
fold_03,EGFR,fold_03_sample170_EGFR_3gt8_B_to_EGFR_3ug1_A,EGFR_3gt8_B,EGFR_3ug1_A,generated_export_fallback,False,,,,,,,,,,,,,,,,,,
fold_03,EGFR,fold_03_sample171_EGFR_8a2a_A_to_EGFR_2gs2_A,EGFR_8a2a_A,EGFR_2gs2_A,generated_export_fallback,True,15.921968460083008,18.58490753173828,16.107168197631836,False,True,False,15.46004581451416,13.873969078063965,10.45824146270752,False,True,False,23.22858238220215,18.593181610107422,11.315855026245117,False,True,False
fold_03,EGFR,fold_03_sample172_EGFR_3w2s_A_to_EGFR_1m14_A,EGFR_3w2s_A,EGFR_1m14_A,generated_export_fallback,True,16.1375732421875,16.209585189819336,11.731493949890137,False,True,False,15.920622825622559,13.189234733581543,10.531829833984375,False,True,False,27.070266723632812,18.232118606567383,27.940080642700195,False,False,False
fold_03,EGFR,fold_03_sample173_EGFR_7jxi_A_to_EGFR_4wrg_A,EGFR_7jxi_A,EGFR_4wrg_A,generated_export_fallback,True,15.332234382629395,16.481510162353516,10.272933959960938,False,True,False,15.204728126525879,12.72202205657959,10.26108455657959,False,True,False,15.497023582458496,31.395389556884766,18.060544967651367,False,True,False
fold_03,EGFR,fold_03_sample174_EGFR_8fv3_A_to_EGFR_2jit_A,EGFR_8fv3_A,EGFR_2jit_A,generated_export_fallback,True,17.0609073638916,20.778776168823242,13.12684154510498,False,True,False,15.153759956359863,12.928518295288086,11.27603530883789,False,True,False,27.462574005126953,21.47784996032715,35.60123825073242,False,False,False
fold_03,EGFR,fold_03_sample175_EGFR_8a2a_A_to_EGFR_2eb2_A,EGFR_8a2a_A,EGFR_2eb2_A,generated_export_fallback,True,15.921968460083008,18.58490753173828,16.107168197631836,False,True,False,15.46004581451416,13.873969078063965,10.45824146270752,False,True,False,13.542677879333496,15.650647163391113,5.777828216552734,False,True,False
fold_04,FGFR1,fold_04_sample0_FGFR1_4v04_B_to_FGFR1_4rwj_B,FGFR1_4v04_B,FGFR1_4rwj_B,generated_export_fallback,False,,,,,,,,,,,,,,,,,,
fold_04,FGFR1,fold_04_sample1_FGFR1_4v01_B_to_FGFR1_4f64_A,FGFR1_4v01_B,FGFR1_4f64_A,generated_export_fallback,True,18.267492294311523,26.440366744995117,12.674545288085938,False,True,False,10.468936920166016,9.694622039794922,10.714156150817871,True,False,False,26.283864974975586,15.540340423583984,17.357107162475586,False,False,False
fold_04,FGFR1,fold_04_sample2_FGFR1_4v01_B_to_FGFR1_2fgi_B,FGFR1_4v01_B,FGFR1_2fgi_B,generated_export_fallback,True,18.267492294311523,26.440366744995117,12.674545288085938,False,True,False,10.468936920166016,9.694622039794922,10.714156150817871,True,False,False,26.0740909576416,20.031606674194336,24.510143280029297,False,False,False
fold_04,FGFR1,fold_04_sample3_FGFR1_4v04_B_to_FGFR1_5a46_B,FGFR1_4v04_B,FGFR1_5a46_B,generated_export_fallback,False,,,,,,,,,,,,,,,,,,
fold_04,FGFR1,fold_04_sample4_FGFR1_4v01_B_to_FGFR1_1agw_A,FGFR1_4v01_B,FGFR1_1agw_A,generated_export_fallback,True,18.267492294311523,26.440366744995117,12.674545288085938,False,True,False,10.468936920166016,9.694622039794922,10.714156150817871,True,False,False,15.53736400604248,15.918828964233398,11.845793724060059,False,True,False
fold_04,FGFR1,fold_04_sample5_FGFR1_4v04_B_to_FGFR1_5a4c_A,FGFR1_4v04_B,FGFR1_5a4c_A,generated_export_fallback,False,,,,,,,,,,,,,,,,,,
fold_04,FGFR1,fold_04_sample6_FGFR1_4v01_B_to_FGFR1_4rwk_A,FGFR1_4v01_B,FGFR1_4rwk_A,generated_export_fallback,True,18.267492294311523,26.440366744995117,12.674545288085938,False,True,False,10.468936920166016,9.694622039794922,10.714156150817871,True,False,False,32.16382598876953,21.558427810668945,30.01095962524414,False,False,False
fold_04,FGFR1,fold_04_sample7_FGFR1_4v01_B_to_FGFR1_4nk9_A,FGFR1_4v01_B,FGFR1_4nk9_A,generated_export_fallback,True,18.267492294311523,26.440366744995117,12.674545288085938,False,True,False,10.468936920166016,9.694622039794922,10.714156150817871,True,False,False,24.810413360595703,17.591960906982422,24.653564453125,False,False,False
fold_04,FGFR1,fold_04_sample8_FGFR1_4v01_B_to_FGFR1_1fgi_A,FGFR1_4v01_B,FGFR1_1fgi_A,generated_export_fallback,True,18.267492294311523,26.440366744995117,12.674545288085938,False,True,False,10.468936920166016,9.694622039794922,10.714156150817871,True,False,False,15.67525577545166,16.18492889404297,11.851332664489746,False,True,False
fold_04,FGFR1,fold_04_sample9_FGFR1_4v01_B_to_FGFR1_4wun_B,FGFR1_4v01_B,FGFR1_4wun_B,generated_export_fallback,True,18.267492294311523,26.440366744995117,12.674545288085938,False,True,False,10.468936920166016,9.694622039794922,10.714156150817871,True,False,False,15.71825122833252,18.52659797668457,21.741413116455078,False,False,False
fold_04,FGFR1,fold_04_sample10_FGFR1_4v04_B_to_FGFR1_4nka_A,FGFR1_4v04_B,FGFR1_4nka_A,generated_export_fallback,False,,,,,,,,,,,,,,,,,,
fold_04,FGFR1,fold_04_sample11_FGFR1_4v01_B_to_FGFR1_4f65_B,FGFR1_4v01_B,FGFR1_4f65_B,generated_export_fallback,True,18.267492294311523,26.440366744995117,12.674545288085938,False,True,False,10.468936920166016,9.694622039794922,10.714156150817871,True,False,False,10.519876480102539,16.04356575012207,15.973143577575684,True,True,True
fold_04,FGFR1,fold_04_sample12_FGFR1_4v04_B_to_FGFR1_3js2_B,FGFR1_4v04_B,FGFR1_3js2_B,generated_export_fallback,False,,,,,,,,,,,,,,,,,,
fold_04,FGFR1,fold_04_sample13_FGFR1_4v04_B_to_FGFR1_5a46_A,FGFR1_4v04_B,FGFR1_5a46_A,generated_export_fallback,False,,,,,,,,,,,,,,,,,,
fold_04,FGFR1,fold_04_sample14_FGFR1_4v01_B_to_FGFR1_3gql_B,FGFR1_4v01_B,FGFR1_3gql_B,generated_export_fallback,True,18.267492294311523,26.440366744995117,12.674545288085938,False,True,False,10.468936920166016,9.694622039794922,10.714156150817871,True,False,False,17.261146545410156,16.092538833618164,23.736732482910156,False,False,False
fold_04,FGFR1,fold_04_sample15_FGFR1_4v01_B_to_FGFR1_4f64_B,FGFR1_4v01_B,FGFR1_4f64_B,generated_export_fallback,True,18.267492294311523,26.440366744995117,12.674545288085938,False,True,False,10.468936920166016,9.694622039794922,10.714156150817871,True,False,False,26.283864974975586,15.540340423583984,17.357107162475586,False,False,False
fold_04,FGFR1,fold_04_sample16_FGFR1_4v01_B_to_FGFR1_3wj6_A,FGFR1_4v01_B,FGFR1_3wj6_A,generated_export_fallback,True,18.267492294311523,26.440366744995117,12.674545288085938,False,True,False,10.468936920166016,9.694622039794922,10.714156150817871,True,False,False,10.778861999511719,13.831741333007812,11.296552658081055,True,True,True
fold_04,FGFR1,fold_04_sample17_FGFR1_4v01_B_to_FGFR1_4f65_A,FGFR1_4v01_B,FGFR1_4f65_A,generated_export_fallback,True,18.267492294311523,26.440366744995117,12.674545288085938,False,True,False,10.468936920166016,9.694622039794922,10.714156150817871,True,False,False,10.519876480102539,16.04356575012207,15.973143577575684,True,True,True
fold_04,FGFR1,fold_04_sample18_FGFR1_4v01_B_to_FGFR1_4rwk_B,FGFR1_4v01_B,FGFR1_4rwk_B,generated_export_fallback,True,18.267492294311523,26.440366744995117,12.674545288085938,False,True,False,10.468936920166016,9.694622039794922,10.714156150817871,True,False,False,32.16382598876953,21.558427810668945,30.01095962524414,False,False,False
fold_04,FGFR1,fold_04_sample19_FGFR1_4v01_B_to_FGFR1_3gql_A,FGFR1_4v01_B,FGFR1_3gql_A,generated_export_fallback,True,18.267492294311523,26.440366744995117,12.674545288085938,False,True,False,10.468936920166016,9.694622039794922,10.714156150817871,True,False,False,17.261146545410156,16.092538833618164,23.736732482910156,False,False,False
fold_04,FGFR1,fold_04_sample20_FGFR1_4v01_B_to_FGFR1_4zsa_A,FGFR1_4v01_B,FGFR1_4zsa_A,generated_export_fallback,True,18.267492294311523,26.440366744995117,12.674545288085938,False,True,False,10.468936920166016,9.694622039794922,10.714156150817871,True,False,False,24.765087127685547,15.971766471862793,30.515260696411133,False,False,False
fold_04,FGFR1,fold_04_sample21_FGFR1_4v04_B_to_FGFR1_5am7_A,FGFR1_4v04_B,FGFR1_5am7_A,generated_export_fallback,False,,,,,,,,,,,,,,,,,,
fold_04,FGFR1,fold_04_sample22_FGFR1_4v01_B_to_FGFR1_1agw_B,FGFR1_4v01_B,FGFR1_1agw_B,generated_export_fallback,True,18.267492294311523,26.440366744995117,12.674545288085938,False,True,False,10.468936920166016,9.694622039794922,10.714156150817871,True,False,False,15.53736400604248,15.918828964233398,11.845793724060059,False,True,False
fold_04,FGFR1,fold_04_sample23_FGFR1_4v04_B_to_FGFR1_5am7_B,FGFR1_4v04_B,FGFR1_5am7_B,generated_export_fallback,False,,,,,,,,,,,,,,,,,,
fold_04,FGFR1,fold_04_sample24_FGFR1_4v01_B_to_FGFR1_2fgi_A,FGFR1_4v01_B,FGFR1_2fgi_A,generated_export_fallback,True,18.267492294311523,26.440366744995117,12.674545288085938,False,True,False,10.468936920166016,9.694622039794922,10.714156150817871,True,False,False,26.0740909576416,20.031606674194336,24.510143280029297,False,False,False
fold_04,FGFR1,fold_04_sample25_FGFR1_4v01_B_to_FGFR1_4wun_A,FGFR1_4v01_B,FGFR1_4wun_A,generated_export_fallback,True,18.267492294311523,26.440366744995117,12.674545288085938,False,True,False,10.468936920166016,9.694622039794922,10.714156150817871,True,False,False,15.71825122833252,18.52659797668457,21.741413116455078,False,False,False
fold_04,FGFR1,fold_04_sample26_FGFR1_4v01_B_to_FGFR1_4nks_B,FGFR1_4v01_B,FGFR1_4nks_B,generated_export_fallback,True,18.267492294311523,26.440366744995117,12.674545288085938,False,True,False,10.468936920166016,9.694622039794922,10.714156150817871,True,False,False,10.362714767456055,12.582072257995605,4.7363481521606445,True,True,True
fold_04,FGFR1,fold_04_sample27_FGFR1_4v01_B_to_FGFR1_4zsa_B,FGFR1_4v01_B,FGFR1_4zsa_B,generated_export_fallback,True,18.267492294311523,26.440366744995117,12.674545288085938,False,True,False,10.468936920166016,9.694622039794922,10.714156150817871,True,False,False,24.765087127685547,15.971766471862793,30.515260696411133,False,False,False
fold_04,FGFR1,fold_04_sample28_FGFR1_4v01_B_to_FGFR1_5am6_A,FGFR1_4v01_B,FGFR1_5am6_A,generated_export_fallback,True,18.267492294311523,26.440366744995117,12.674545288085938,False,True,False,10.468936920166016,9.694622039794922,10.714156150817871,True,False,False,36.60380935668945,26.13471794128418,30.346067428588867,False,False,False
fold_04,FGFR1,fold_04_sample29_FGFR1_4v04_B_to_FGFR1_4v05_B,FGFR1_4v04_B,FGFR1_4v05_B,generated_export_fallback,False,,,,,,,,,,,,,,,,,,
fold_04,FGFR1,fold_04_sample30_FGFR1_4v01_B_to_FGFR1_4nk9_B,FGFR1_4v01_B,FGFR1_4nk9_B,generated_export_fallback,True,18.267492294311523,26.440366744995117,12.674545288085938,False,True,False,10.468936920166016,9.694622039794922,10.714156150817871,True,False,False,24.810413360595703,17.591960906982422,24.653564453125,False,False,False
fold_04,FGFR1,fold_04_sample31_FGFR1_4v04_B_to_FGFR1_3c4f_A,FGFR1_4v04_B,FGFR1_3c4f_A,generated_export_fallback,False,,,,,,,,,,,,,,,,,,
fold_04,FGFR1,fold_04_sample32_FGFR1_4v04_B_to_FGFR1_3c4f_B,FGFR1_4v04_B,FGFR1_3c4f_B,generated_export_fallback,False,,,,,,,,,,,,,,,,,,
fold_04,FGFR1,fold_04_sample33_FGFR1_4v01_B_to_FGFR1_3rhx_A,FGFR1_4v01_B,FGFR1_3rhx_A,generated_export_fallback,True,18.267492294311523,26.440366744995117,12.674545288085938,False,True,False,10.468936920166016,9.694622039794922,10.714156150817871,True,False,False,15.560355186462402,15.707252502441406,11.77987289428711,False,True,False
fold_04,FGFR1,fold_04_sample34_FGFR1_4v01_B_to_FGFR1_3gql_C,FGFR1_4v01_B,FGFR1_3gql_C,generated_export_fallback,True,18.267492294311523,26.440366744995117,12.674545288085938,False,True,False,10.468936920166016,9.694622039794922,10.714156150817871,True,False,False,17.261146545410156,16.092538833618164,23.736732482910156,False,False,False
fold_04,FGFR1,fold_04_sample35_FGFR1_4v04_B_to_FGFR1_4rwj_A,FGFR1_4v04_B,FGFR1_4rwj_A,generated_export_fallback,False,,,,,,,,,,,,,,,,,,
fold_04,FGFR1,fold_04_sample36_FGFR1_4v01_B_to_FGFR1_5am6_B,FGFR1_4v01_B,FGFR1_5am6_B,generated_export_fallback,True,18.267492294311523,26.440366744995117,12.674545288085938,False,True,False,10.468936920166016,9.694622039794922,10.714156150817871,True,False,False,36.60380935668945,26.13471794128418,30.346067428588867,False,False,False
fold_04,FGFR1,fold_04_sample37_FGFR1_4v01_B_to_FGFR1_3rhx_B,FGFR1_4v01_B,FGFR1_3rhx_B,generated_export_fallback,True,18.267492294311523,26.440366744995117,12.674545288085938,False,True,False,10.468936920166016,9.694622039794922,10.714156150817871,True,False,False,15.560355186462402,15.707252502441406,11.77987289428711,False,True,False
fold_04,FGFR1,fold_04_sample38_FGFR1_4v04_B_to_FGFR1_3js2_A,FGFR1_4v04_B,FGFR1_3js2_A,generated_export_fallback,False,,,,,,,,,,,,,,,,,,
fold_04,FGFR1,fold_04_sample39_FGFR1_4v04_B_to_FGFR1_4v05_A,FGFR1_4v04_B,FGFR1_4v05_A,generated_export_fallback,False,,,,,,,,,,,,,,,,,,
fold_04,FGFR1,fold_04_sample40_FGFR1_4v01_B_to_FGFR1_3tt0_A,FGFR1_4v01_B,FGFR1_3tt0_A,generated_export_fallback,True,18.267492294311523,26.440366744995117,12.674545288085938,False,True,False,10.468936920166016,9.694622039794922,10.714156150817871,True,False,False,32.60664367675781,20.714168548583984,30.733144760131836,False,False,False
fold_04,FGFR1,fold_04_sample41_FGFR1_4v01_B_to_FGFR1_3wj6_B,FGFR1_4v01_B,FGFR1_3wj6_B,generated_export_fallback,True,18.267492294311523,26.440366744995117,12.674545288085938,False,True,False,10.468936920166016,9.694622039794922,10.714156150817871,True,False,False,10.778861999511719,13.831741333007812,11.296552658081055,True,True,True
fold_04,FGFR1,fold_04_sample42_FGFR1_4v04_B_to_FGFR1_4nka_B,FGFR1_4v04_B,FGFR1_4nka_B,generated_export_fallback,False,,,,,,,,,,,,,,,,,,
fold_04,FGFR1,fold_04_sample43_FGFR1_4v04_B_to_FGFR1_5a4c_B,FGFR1_4v04_B,FGFR1_5a4c_B,generated_export_fallback,False,,,,,,,,,,,,,,,,,,
fold_04,FGFR1,fold_04_sample44_FGFR1_4v04_B_to_FGFR1_3gqi_A,FGFR1_4v04_B,FGFR1_3gqi_A,generated_export_fallback,False,,,,,,,,,,,,,,,,,,
fold_04,FGFR1,fold_04_sample45_FGFR1_4v01_B_to_FGFR1_3tt0_B,FGFR1_4v01_B,FGFR1_3tt0_B,generated_export_fallback,True,18.267492294311523,26.440366744995117,12.674545288085938,False,True,False,10.468936920166016,9.694622039794922,10.714156150817871,True,False,False,32.60664367675781,20.714168548583984,30.733144760131836,False,False,False
fold_04,FGFR1,fold_04_sample46_FGFR1_4v01_B_to_FGFR1_4nks_A,FGFR1_4v01_B,FGFR1_4nks_A,generated_export_fallback,True,18.267492294311523,26.440366744995117,12.674545288085938,False,True,False,10.468936920166016,9.694622039794922,10.714156150817871,True,False,False,10.362714767456055,12.582072257995605,4.7363481521606445,True,True,True
fold_04,FGFR1,fold_04_sample47_FGFR1_4v01_B_to_FGFR1_4f63_A,FGFR1_4v01_B,FGFR1_4f63_A,generated_export_fallback,True,18.267492294311523,26.440366744995117,12.674545288085938,False,True,False,10.468936920166016,9.694622039794922,10.714156150817871,True,False,False,10.348827362060547,12.374723434448242,4.9801764488220215,True,True,True
fold_04,FGFR1,fold_04_sample48_FGFR1_4v01_B_to_FGFR1_4f63_B,FGFR1_4v01_B,FGFR1_4f63_B,generated_export_fallback,True,18.267492294311523,26.440366744995117,12.674545288085938,False,True,False,10.468936920166016,9.694622039794922,10.714156150817871,True,False,False,10.348827362060547,12.374723434448242,4.9801764488220215,True,True,True
fold_04,FGFR1,fold_04_sample49_FGFR1_4v01_B_to_FGFR1_1fgi_B,FGFR1_4v01_B,FGFR1_1fgi_B,generated_export_fallback,True,18.267492294311523,26.440366744995117,12.674545288085938,False,True,False,10.468936920166016,9.694622039794922,10.714156150817871,True,False,False,15.67525577545166,16.18492889404297,11.851332664489746,False,True,False
fold_04,FGFR1,fold_04_sample50_FGFR1_4v01_B_to_FGFR1_4rwl_B,FGFR1_4v01_B,FGFR1_4rwl_B,generated_export_fallback,True,18.267492294311523,26.440366744995117,12.674545288085938,False,True,False,10.468936920166016,9.694622039794922,10.714156150817871,True,False,False,21.1004638671875,20.888946533203125,9.003726959228516,False,True,False
fold_04,FGFR1,fold_04_sample51_FGFR1_4v04_B_to_FGFR1_4uwc_B,FGFR1_4v04_B,FGFR1_4uwc_B,generated_export_fallback,False,,,,,,,,,,,,,,,,,,
fold_04,FGFR1,fold_04_sample52_FGFR1_4v04_B_to_FGFR1_4uwc_A,FGFR1_4v04_B,FGFR1_4uwc_A,generated_export_fallback,False,,,,,,,,,,,,,,,,,,
fold_04,FGFR1,fold_04_sample53_FGFR1_4v04_B_to_FGFR1_4uwb_B,FGFR1_4v04_B,FGFR1_4uwb_B,generated_export_fallback,False,,,,,,,,,,,,,,,,,,
fold_04,FGFR1,fold_04_sample54_FGFR1_4v04_B_to_FGFR1_4uwb_A,FGFR1_4v04_B,FGFR1_4uwb_A,generated_export_fallback,False,,,,,,,,,,,,,,,,,,
fold_04,FGFR1,fold_04_sample55_FGFR1_4v04_B_to_FGFR1_5ew8_A,FGFR1_4v04_B,FGFR1_5ew8_A,generated_export_fallback,False,,,,,,,,,,,,,,,,,,
fold_04,FGFR1,fold_04_sample56_FGFR1_4v04_B_to_FGFR1_5ew8_B,FGFR1_4v04_B,FGFR1_5ew8_B,generated_export_fallback,False,,,,,,,,,,,,,,,,,,
fold_04,FGFR1,fold_04_sample57_FGFR1_4v01_B_to_FGFR1_5b7v_B,FGFR1_4v01_B,FGFR1_5b7v_B,generated_export_fallback,True,18.267492294311523,26.440366744995117,12.674545288085938,False,True,False,10.468936920166016,9.694622039794922,10.714156150817871,True,False,False,15.93370532989502,17.93714141845703,15.49809741973877,False,True,False
fold_04,FGFR1,fold_04_sample58_FGFR1_4v01_B_to_FGFR1_5b7v_A,FGFR1_4v01_B,FGFR1_5b7v_A,generated_export_fallback,True,18.267492294311523,26.440366744995117,12.674545288085938,False,True,False,10.468936920166016,9.694622039794922,10.714156150817871,True,False,False,15.93370532989502,17.93714141845703,15.49809741973877,False,True,False
fold_04,FGFR1,fold_04_sample59_FGFR1_4v01_B_to_FGFR1_5uq0_A,FGFR1_4v01_B,FGFR1_5uq0_A,generated_export_fallback,True,18.267492294311523,26.440366744995117,12.674545288085938,False,True,False,10.468936920166016,9.694622039794922,10.714156150817871,True,False,False,25.10408592224121,29.15467643737793,26.424489974975586,False,True,False
fold_04,FGFR1,fold_04_sample60_FGFR1_4v01_B_to_FGFR1_5uq0_B,FGFR1_4v01_B,FGFR1_5uq0_B,generated_export_fallback,True,18.267492294311523,26.440366744995117,12.674545288085938,False,True,False,10.468936920166016,9.694622039794922,10.714156150817871,True,False,False,25.10408592224121,29.15467643737793,26.424489974975586,False,True,False
fold_04,FGFR1,fold_04_sample61_FGFR1_4v04_B_to_FGFR1_5vnd_B,FGFR1_4v04_B,FGFR1_5vnd_B,generated_export_fallback,False,,,,,,,,,,,,,,,,,,
fold_04,FGFR1,fold_04_sample62_FGFR1_4v04_B_to_FGFR1_5vnd_A,FGFR1_4v04_B,FGFR1_5vnd_A,generated_export_fallback,False,,,,,,,,,,,,,,,,,,
fold_04,FGFR1,fold_04_sample63_FGFR1_4v01_B_to_FGFR1_5ur1_B,FGFR1_4v01_B,FGFR1_5ur1_B,generated_export_fallback,True,18.267492294311523,26.440366744995117,12.674545288085938,False,True,False,10.468936920166016,9.694622039794922,10.714156150817871,True,False,False,15.691156387329102,16.599918365478516,24.70597267150879,False,False,False
fold_04,FGFR1,fold_04_sample64_FGFR1_4v01_B_to_FGFR1_5ur1_A,FGFR1_4v01_B,FGFR1_5ur1_A,generated_export_fallback,True,18.267492294311523,26.440366744995117,12.674545288085938,False,True,False,10.468936920166016,9.694622039794922,10.714156150817871,True,False,False,15.691156387329102,16.599918365478516,24.70597267150879,False,False,False
fold_04,FGFR1,fold_04_sample65_FGFR1_4v04_B_to_FGFR1_5o4a_A,FGFR1_4v04_B,FGFR1_5o4a_A,generated_export_fallback,False,,,,,,,,,,,,,,,,,,
fold_04,FGFR1,fold_04_sample66_FGFR1_4v04_B_to_FGFR1_5o4a_B,FGFR1_4v04_B,FGFR1_5o4a_B,generated_export_fallback,False,,,,,,,,,,,,,,,,,,
fold_04,FGFR1,fold_04_sample67_FGFR1_4v04_B_to_FGFR1_5o49_A,FGFR1_4v04_B,FGFR1_5o49_A,generated_export_fallback,False,,,,,,,,,,,,,,,,,,
fold_04,FGFR1,fold_04_sample68_FGFR1_4v04_B_to_FGFR1_5o49_B,FGFR1_4v04_B,FGFR1_5o49_B,generated_export_fallback,False,,,,,,,,,,,,,,,,,,
fold_04,FGFR1,fold_04_sample69_FGFR1_4v04_B_to_FGFR1_5zv2_B,FGFR1_4v04_B,FGFR1_5zv2_B,generated_export_fallback,False,,,,,,,,,,,,,,,,,,
fold_04,FGFR1,fold_04_sample70_FGFR1_4v04_B_to_FGFR1_5zv2_A,FGFR1_4v04_B,FGFR1_5zv2_A,generated_export_fallback,False,,,,,,,,,,,,,,,,,,
fold_04,FGFR1,fold_04_sample71_FGFR1_4v01_B_to_FGFR1_6mzw_B,FGFR1_4v01_B,FGFR1_6mzw_B,generated_export_fallback,True,18.267492294311523,26.440366744995117,12.674545288085938,False,True,False,10.468936920166016,9.694622039794922,10.714156150817871,True,False,False,23.62424659729004,31.729534149169922,23.706287384033203,False,True,False
fold_04,FGFR1,fold_04_sample72_FGFR1_4v01_B_to_FGFR1_6c1c_B,FGFR1_4v01_B,FGFR1_6c1c_B,generated_export_fallback,True,18.267492294311523,26.440366744995117,12.674545288085938,False,True,False,10.468936920166016,9.694622039794922,10.714156150817871,True,False,False,15.781245231628418,26.364410400390625,26.805368423461914,False,True,False
fold_04,FGFR1,fold_04_sample73_FGFR1_4v04_B_to_FGFR1_5z0s_B,FGFR1_4v04_B,FGFR1_5z0s_B,generated_export_fallback,False,,,,,,,,,,,,,,,,,,
fold_04,FGFR1,fold_04_sample74_FGFR1_4v04_B_to_FGFR1_5z0s_A,FGFR1_4v04_B,FGFR1_5z0s_A,generated_export_fallback,False,,,,,,,,,,,,,,,,,,
fold_04,FGFR1,fold_04_sample75_FGFR1_4v01_B_to_FGFR1_6c19_A,FGFR1_4v01_B,FGFR1_6c19_A,generated_export_fallback,True,18.267492294311523,26.440366744995117,12.674545288085938,False,True,False,10.468936920166016,9.694622039794922,10.714156150817871,True,False,False,15.749698638916016,29.028820037841797,27.656030654907227,False,True,False
fold_04,FGFR1,fold_04_sample76_FGFR1_4v01_B_to_FGFR1_6mzq_A,FGFR1_4v01_B,FGFR1_6mzq_A,generated_export_fallback,True,18.267492294311523,26.440366744995117,12.674545288085938,False,True,False,10.468936920166016,9.694622039794922,10.714156150817871,True,False,False,15.647542953491211,25.179515838623047,23.269014358520508,False,True,False
fold_04,FGFR1,fold_04_sample77_FGFR1_4v01_B_to_FGFR1_6c1b_A,FGFR1_4v01_B,FGFR1_6c1b_A,generated_export_fallback,True,18.267492294311523,26.440366744995117,12.674545288085938,False,True,False,10.468936920166016,9.694622039794922,10.714156150817871,True,False,False,23.82363510131836,20.64820098876953,10.07436466217041,False,True,False
fold_04,FGFR1,fold_04_sample78_FGFR1_4v01_B_to_FGFR1_6c1c_A,FGFR1_4v01_B,FGFR1_6c1c_A,generated_export_fallback,True,18.267492294311523,26.440366744995117,12.674545288085938,False,True,False,10.468936920166016,9.694622039794922,10.714156150817871,True,False,False,15.781245231628418,26.364410400390625,26.805368423461914,False,True,False
fold_04,FGFR1,fold_04_sample79_FGFR1_4v01_B_to_FGFR1_6c18_B,FGFR1_4v01_B,FGFR1_6c18_B,generated_export_fallback,True,18.267492294311523,26.440366744995117,12.674545288085938,False,True,False,10.468936920166016,9.694622039794922,10.714156150817871,True,False,False,24.977811813354492,34.407962799072266,29.569190979003906,False,True,False
fold_04,FGFR1,fold_04_sample80_FGFR1_4v01_B_to_FGFR1_6c19_B,FGFR1_4v01_B,FGFR1_6c19_B,generated_export_fallback,True,18.267492294311523,26.440366744995117,12.674545288085938,False,True,False,10.468936920166016,9.694622039794922,10.714156150817871,True,False,False,15.749698638916016,29.028820037841797,27.656030654907227,False,True,False
fold_04,FGFR1,fold_04_sample81_FGFR1_4v01_B_to_FGFR1_6c1b_B,FGFR1_4v01_B,FGFR1_6c1b_B,generated_export_fallback,True,18.267492294311523,26.440366744995117,12.674545288085938,False,True,False,10.468936920166016,9.694622039794922,10.714156150817871,True,False,False,23.82363510131836,20.64820098876953,10.07436466217041,False,True,False
fold_04,FGFR1,fold_04_sample82_FGFR1_4v01_B_to_FGFR1_6mzw_A,FGFR1_4v01_B,FGFR1_6mzw_A,generated_export_fallback,True,18.267492294311523,26.440366744995117,12.674545288085938,False,True,False,10.468936920166016,9.694622039794922,10.714156150817871,True,False,False,23.62424659729004,31.729534149169922,23.706287384033203,False,True,False
fold_04,FGFR1,fold_04_sample83_FGFR1_4v01_B_to_FGFR1_6c18_A,FGFR1_4v01_B,FGFR1_6c18_A,generated_export_fallback,True,18.267492294311523,26.440366744995117,12.674545288085938,False,True,False,10.468936920166016,9.694622039794922,10.714156150817871,True,False,False,24.977811813354492,34.407962799072266,29.569190979003906,False,True,False
fold_04,FGFR1,fold_04_sample84_FGFR1_4v01_B_to_FGFR1_6c1o_A,FGFR1_4v01_B,FGFR1_6c1o_A,generated_export_fallback,True,18.267492294311523,26.440366744995117,12.674545288085938,False,True,False,10.468936920166016,9.694622039794922,10.714156150817871,True,False,False,16.178272247314453,12.01099681854248,21.93449592590332,False,False,False
fold_04,FGFR1,fold_04_sample85_FGFR1_4v01_B_to_FGFR1_6c1o_B,FGFR1_4v01_B,FGFR1_6c1o_B,generated_export_fallback,True,18.267492294311523,26.440366744995117,12.674545288085938,False,True,False,10.468936920166016,9.694622039794922,10.714156150817871,True,False,False,16.178272247314453,12.01099681854248,21.93449592590332,False,False,False
fold_04,FGFR1,fold_04_sample86_FGFR1_4v01_B_to_FGFR1_6mzq_B,FGFR1_4v01_B,FGFR1_6mzq_B,generated_export_fallback,True,18.267492294311523,26.440366744995117,12.674545288085938,False,True,False,10.468936920166016,9.694622039794922,10.714156150817871,True,False,False,15.647542953491211,25.179515838623047,23.269014358520508,False,True,False
fold_04,FGFR1,fold_04_sample87_FGFR1_4v04_B_to_FGFR1_6p69_A,FGFR1_4v04_B,FGFR1_6p69_A,generated_export_fallback,False,,,,,,,,,,,,,,,,,,
fold_04,FGFR1,fold_04_sample88_FGFR1_4v01_B_to_FGFR1_6nvl_A,FGFR1_4v01_B,FGFR1_6nvl_A,generated_export_fallback,True,18.267492294311523,26.440366744995117,12.674545288085938,False,True,False,10.468936920166016,9.694622039794922,10.714156150817871,True,False,False,26.943096160888672,23.527482986450195,34.728397369384766,False,False,False
fold_04,FGFR1,fold_04_sample89_FGFR1_4v04_B_to_FGFR1_6p69_B,FGFR1_4v04_B,FGFR1_6p69_B,generated_export_fallback,False,,,,,,,,,,,,,,,,,,
fold_04,FGFR1,fold_04_sample90_FGFR1_4v04_B_to_FGFR1_6p68_C,FGFR1_4v04_B,FGFR1_6p68_C,generated_export_fallback,False,,,,,,,,,,,,,,,,,,
fold_04,FGFR1,fold_04_sample91_FGFR1_4v04_B_to_FGFR1_6p68_B,FGFR1_4v04_B,FGFR1_6p68_B,generated_export_fallback,False,,,,,,,,,,,,,,,,,,
fold_04,FGFR1,fold_04_sample92_FGFR1_4v01_B_to_FGFR1_6nvl_D,FGFR1_4v01_B,FGFR1_6nvl_D,generated_export_fallback,True,18.267492294311523,26.440366744995117,12.674545288085938,False,True,False,10.468936920166016,9.694622039794922,10.714156150817871,True,False,False,26.943096160888672,23.527482986450195,34.728397369384766,False,False,False
fold_04,FGFR1,fold_04_sample93_FGFR1_4v04_B_to_FGFR1_6p68_A,FGFR1_4v04_B,FGFR1_6p68_A,generated_export_fallback,False,,,,,,,,,,,,,,,,,,
fold_04,FGFR1,fold_04_sample94_FGFR1_4v01_B_to_FGFR1_6nvl_B,FGFR1_4v01_B,FGFR1_6nvl_B,generated_export_fallback,True,18.267492294311523,26.440366744995117,12.674545288085938,False,True,False,10.468936920166016,9.694622039794922,10.714156150817871,True,False,False,26.943096160888672,23.527482986450195,34.728397369384766,False,False,False
fold_04,FGFR1,fold_04_sample95_FGFR1_4v01_B_to_FGFR1_6nvl_C,FGFR1_4v01_B,FGFR1_6nvl_C,generated_export_fallback,True,18.267492294311523,26.440366744995117,12.674545288085938,False,True,False,10.468936920166016,9.694622039794922,10.714156150817871,True,False,False,26.943096160888672,23.527482986450195,34.728397369384766,False,False,False
fold_04,FGFR1,fold_04_sample96_FGFR1_4v04_B_to_FGFR1_6itj_B,FGFR1_4v04_B,FGFR1_6itj_B,generated_export_fallback,False,,,,,,,,,,,,,,,,,,
fold_04,FGFR1,fold_04_sample97_FGFR1_4v04_B_to_FGFR1_6itj_A,FGFR1_4v04_B,FGFR1_6itj_A,generated_export_fallback,False,,,,,,,,,,,,,,,,,,
fold_04,FGFR1,fold_04_sample98_FGFR1_4v01_B_to_FGFR1_7ozd_A,FGFR1_4v01_B,FGFR1_7ozd_A,generated_export_fallback,True,18.267492294311523,26.440366744995117,12.674545288085938,False,True,False,10.468936920166016,9.694622039794922,10.714156150817871,True,False,False,16.130937576293945,21.958480834960938,16.981708526611328,False,True,False
fold_04,FGFR1,fold_04_sample99_FGFR1_4v04_B_to_FGFR1_7ozb_A,FGFR1_4v04_B,FGFR1_7ozb_A,generated_export_fallback,False,,,,,,,,,,,,,,,,,,
fold_04,FGFR1,fold_04_sample100_FGFR1_4v04_B_to_FGFR1_7ozf_A,FGFR1_4v04_B,FGFR1_7ozf_A,generated_export_fallback,False,,,,,,,,,,,,,,,,,,
fold_04,FGFR1,fold_04_sample101_FGFR1_4v04_B_to_FGFR1_7wcl_A,FGFR1_4v04_B,FGFR1_7wcl_A,generated_export_fallback,False,,,,,,,,,,,,,,,,,,
fold_04,FGFR1,fold_04_sample102_FGFR1_4v04_B_to_FGFR1_8jmz_A,FGFR1_4v04_B,FGFR1_8jmz_A,generated_export_fallback,False,,,,,,,,,,,,,,,,,,
fold_04,FGFR1,fold_04_sample103_FGFR1_4v04_B_to_FGFR1_3kxx_A,FGFR1_4v04_B,FGFR1_3kxx_A,generated_export_fallback,False,,,,,,,,,,,,,,,,,,
fold_04,FGFR1,fold_04_sample104_FGFR1_4v01_B_to_FGFR1_4rwl_A,FGFR1_4v01_B,FGFR1_4rwl_A,generated_export_fallback,True,18.267492294311523,26.440366744995117,12.674545288085938,False,True,False,10.468936920166016,9.694622039794922,10.714156150817871,True,False,False,21.1004638671875,20.888946533203125,9.003726959228516,False,True,False
fold_04,FGFR1,fold_04_sample105_FGFR1_4v04_B_to_FGFR1_5flf_C,FGFR1_4v04_B,FGFR1_5flf_C,generated_export_fallback,False,,,,,,,,,,,,,,,,,,
fold_04,FGFR1,fold_04_sample106_FGFR1_4v01_B_to_FGFR1_3ky2_A,FGFR1_4v01_B,FGFR1_3ky2_A,generated_export_fallback,True,18.267492294311523,26.440366744995117,12.674545288085938,False,True,False,10.468936920166016,9.694622039794922,10.714156150817871,True,False,False,24.458179473876953,18.08761978149414,18.79960060119629,False,False,False
fold_04,FGFR1,fold_04_sample107_FGFR1_4v01_B_to_FGFR1_4rwi_B,FGFR1_4v01_B,FGFR1_4rwi_B,generated_export_fallback,True,18.267492294311523,26.440366744995117,12.674545288085938,False,True,False,10.468936920166016,9.694622039794922,10.714156150817871,True,False,False,17.277278900146484,13.899828910827637,14.289030075073242,False,False,False
fold_04,FGFR1,fold_04_sample108_FGFR1_4v04_B_to_FGFR1_5flf_B,FGFR1_4v04_B,FGFR1_5flf_B,generated_export_fallback,False,,,,,,,,,,,,,,,,,,
fold_04,FGFR1,fold_04_sample109_FGFR1_4v04_B_to_FGFR1_3kxx_D,FGFR1_4v04_B,FGFR1_3kxx_D,generated_export_fallback,False,,,,,,,,,,,,,,,,,,
fold_04,FGFR1,fold_04_sample110_FGFR1_4v01_B_to_FGFR1_3ky2_B,FGFR1_4v01_B,FGFR1_3ky2_B,generated_export_fallback,True,18.267492294311523,26.440366744995117,12.674545288085938,False,True,False,10.468936920166016,9.694622039794922,10.714156150817871,True,False,False,24.458179473876953,18.08761978149414,18.79960060119629,False,False,False
fold_04,FGFR1,fold_04_sample111_FGFR1_4v01_B_to_FGFR1_4rwi_A,FGFR1_4v01_B,FGFR1_4rwi_A,generated_export_fallback,True,18.267492294311523,26.440366744995117,12.674545288085938,False,True,False,10.468936920166016,9.694622039794922,10.714156150817871,True,False,False,17.277278900146484,13.899828910827637,14.289030075073242,False,False,False
fold_04,FGFR1,fold_04_sample112_FGFR1_4v04_B_to_FGFR1_5flf_A,FGFR1_4v04_B,FGFR1_5flf_A,generated_export_fallback,False,,,,,,,,,,,,,,,,,,
fold_04,FGFR1,fold_04_sample113_FGFR1_4v01_B_to_FGFR1_1fgk_A,FGFR1_4v01_B,FGFR1_1fgk_A,generated_export_fallback,True,18.267492294311523,26.440366744995117,12.674545288085938,False,True,False,10.468936920166016,9.694622039794922,10.714156150817871,True,False,False,25.81533432006836,15.155235290527344,17.242393493652344,False,False,False
fold_04,FGFR1,fold_04_sample114_FGFR1_4v01_B_to_FGFR1_4uwy_A,FGFR1_4v01_B,FGFR1_4uwy_A,generated_export_fallback,True,18.267492294311523,26.440366744995117,12.674545288085938,False,True,False,10.468936920166016,9.694622039794922,10.714156150817871,True,False,False,24.512868881225586,17.200115203857422,25.161815643310547,False,False,False
fold_04,FGFR1,fold_04_sample115_FGFR1_4v04_B_to_FGFR1_5flf_D,FGFR1_4v04_B,FGFR1_5flf_D,generated_export_fallback,False,,,,,,,,,,,,,,,,,,
fold_04,FGFR1,fold_04_sample116_FGFR1_4v01_B_to_FGFR1_1fgk_B,FGFR1_4v01_B,FGFR1_1fgk_B,generated_export_fallback,True,18.267492294311523,26.440366744995117,12.674545288085938,False,True,False,10.468936920166016,9.694622039794922,10.714156150817871,True,False,False,25.81533432006836,15.155235290527344,17.242393493652344,False,False,False
fold_04,FGFR1,fold_04_sample117_FGFR1_4v04_B_to_FGFR1_3kxx_B,FGFR1_4v04_B,FGFR1_3kxx_B,generated_export_fallback,False,,,,,,,,,,,,,,,,,,
fold_04,FGFR1,fold_04_sample118_FGFR1_4v04_B_to_FGFR1_3kxx_C,FGFR1_4v04_B,FGFR1_3kxx_C,generated_export_fallback,False,,,,,,,,,,,,,,,,,,
fold_04,FGFR1,fold_04_sample119_FGFR1_4v04_B_to_FGFR1_5flf_E,FGFR1_4v04_B,FGFR1_5flf_E,generated_export_fallback,False,,,,,,,,,,,,,,,,,,
fold_04,FGFR1,fold_04_sample120_FGFR1_4v01_B_to_FGFR1_4uwy_B,FGFR1_4v01_B,FGFR1_4uwy_B,generated_export_fallback,True,18.267492294311523,26.440366744995117,12.674545288085938,False,True,False,10.468936920166016,9.694622039794922,10.714156150817871,True,False,False,24.512868881225586,17.200115203857422,25.161815643310547,False,False,False
fold_05,KIT,fold_05_sample0_KIT_6gqm_A_to_KIT_1pkg_A,KIT_6gqm_A,KIT_1pkg_A,generated_export_fallback,False,,,,,,,,,,,,,,,,,,
fold_05,KIT,fold_05_sample1_KIT_6gqm_A_to_KIT_1pkg_B,KIT_6gqm_A,KIT_1pkg_B,generated_export_fallback,False,,,,,,,,,,,,,,,,,,
fold_05,KIT,fold_05_sample2_KIT_3g0f_B_to_KIT_7khk_A,KIT_3g0f_B,KIT_7khk_A,generated_export_fallback,False,,,,,,,,,,,,,,,,,,
fold_05,KIT,fold_05_sample3_KIT_6gqm_A_to_KIT_7khj_A,KIT_6gqm_A,KIT_7khj_A,generated_export_fallback,False,,,,,,,,,,,,,,,,,,
fold_05,KIT,fold_05_sample4_KIT_6xv9_A_to_KIT_8pqg_A,KIT_6xv9_A,KIT_8pqg_A,generated_export_fallback,False,,,,,,,,,,,,,,,,,,
fold_05,KIT,fold_05_sample5_KIT_4u0i_A_to_KIT_8pqd_A,KIT_4u0i_A,KIT_8pqd_A,generated_export_fallback,True,10.136327743530273,11.554001808166504,10.076322555541992,True,True,True,10.350529670715332,8.502375602722168,10.50705337524414,True,False,False,16.251949310302734,11.017821311950684,16.29474639892578,False,False,False
fold_05,KIT,fold_05_sample6_KIT_6gqk_A_to_KIT_8pqa_A,KIT_6gqk_A,KIT_8pqa_A,generated_export_fallback,False,,,,,,,,,,,,,,,,,,
fold_05,KIT,fold_05_sample7_KIT_6gqk_A_to_KIT_8pqf_A,KIT_6gqk_A,KIT_8pqf_A,generated_export_fallback,False,,,,,,,,,,,,,,,,,,
fold_05,KIT,fold_05_sample8_KIT_4u0i_A_to_KIT_8pq9_A,KIT_4u0i_A,KIT_8pq9_A,generated_export_fallback,True,10.136327743530273,11.554001808166504,10.076322555541992,True,True,True,10.350529670715332,8.502375602722168,10.50705337524414,True,False,False,16.271923065185547,11.454630851745605,13.507760047912598,False,False,False
fold_05,KIT,fold_05_sample9_KIT_6gqm_A_to_KIT_8pqb_A,KIT_6gqm_A,KIT_8pqb_A,generated_export_fallback,False,,,,,,,,,,,,,,,,,,
fold_05,KIT,fold_05_sample10_KIT_4u0i_A_to_KIT_8pqc_A,KIT_4u0i_A,KIT_8pqc_A,generated_export_fallback,True,10.136327743530273,11.554001808166504,10.076322555541992,True,True,True,10.350529670715332,8.502375602722168,10.50705337524414,True,False,False,16.177677154541016,13.831141471862793,19.071292877197266,False,False,False
fold_06,PDGFRA,fold_06_sample0_PDGFRA_6joi_A_to_PDGFRA_8pqi_A,PDGFRA_6joi_A,PDGFRA_8pqi_A,generated_export_fallback,True,25.694589614868164,16.754838943481445,12.919598579406738,False,True,False,10.45832347869873,13.470117568969727,8.724349021911621,True,True,True,16.9574031829834,11.503731727600098,16.014070510864258,False,False,False
fold_06,PDGFRA,fold_06_sample1_PDGFRA_8pqk_A_to_PDGFRA_8pqh_A,PDGFRA_8pqk_A,PDGFRA_8pqh_A,generated_export_fallback,True,18.352506637573242,10.83847713470459,14.805746078491211,False,False,False,10.465531349182129,9.38991928100586,11.738015174865723,True,False,False,31.882104873657227,25.96628189086914,14.070876121520996,False,True,False
