fold,kinase,sample_id,inactive_sample_id,active_sample_id,source,mapping_status,pdb_id,chain,dfg_idx_proxy,alphac_start_proxy,alphac_end_proxy,gen_dfg_site_dist,gen_alphac_site_dist,inactive_dfg_site_dist,inactive_alphac_site_dist,active_dfg_site_dist,active_alphac_site_dist,dfg_in_proxy,alphac_in_proxy,criterion,dfg_alphac_in_proxy,reason
fold_01,ABL1,fold_01_sample0_ABL1_2g1t_D_to_ABL1_2gqg_B,ABL1_2g1t_D,ABL1_2gqg_B,generated_export_fallback,mapped_klifs_dfg_proxy_alphac,2g1t,D,155.0,80.0,99.0,7.39709997177124,14.85294246673584,5.200194358825684,12.029728889465332,7.572656154632568,16.764087677001953,True,True,closer_to_active_target_than_inactive_proxy,True,
fold_01,ABL1,fold_01_sample1_ABL1_6xrg_A_to_ABL1_2f4j_A,ABL1_6xrg_A,ABL1_2f4j_A,generated_export_fallback,mapped_klifs_dfg_proxy_alphac,6xrg,A,152.0,77.0,96.0,5.100548267364502,14.725377082824707,6.152564525604248,14.173334121704102,5.98245906829834,16.39527130126953,True,False,closer_to_active_target_than_inactive_proxy,False,
fold_01,ABL1,fold_01_sample2_ABL1_5hu9_A_to_ABL1_4twp_A,ABL1_5hu9_A,ABL1_4twp_A,generated_export_fallback,mapped_klifs_dfg_proxy_alphac,5hu9,A,156.0,81.0,100.0,2.774831533432007,14.359127044677734,6.820111274719238,13.479094505310059,9.998943328857422,24.768657684326172,False,False,closer_to_active_target_than_inactive_proxy,False,
fold_01,ABL1,fold_01_sample3_ABL1_2e2b_A_to_ABL1_2v7a_A,ABL1_2e2b_A,ABL1_2v7a_A,generated_export_fallback,mapped_klifs_dfg_proxy_alphac,2e2b,A,152.0,77.0,96.0,4.92559814453125,16.162391662597656,5.879762649536133,14.50144100189209,9.101234436035156,14.46607780456543,False,False,closer_to_active_target_than_inactive_proxy,False,
fold_01,ABL1,fold_01_sample4_ABL1_2e2b_A_to_ABL1_2g2i_A,ABL1_2e2b_A,ABL1_2g2i_A,generated_export_fallback,mapped_klifs_dfg_proxy_alphac,2e2b,A,152.0,77.0,96.0,4.92559814453125,16.162391662597656,5.879762649536133,14.50144100189209,6.6192307472229,14.013944625854492,False,False,closer_to_active_target_than_inactive_proxy,False,
fold_01,ABL1,fold_01_sample5_ABL1_6xrg_A_to_ABL1_6xr6_A,ABL1_6xrg_A,ABL1_6xr6_A,generated_export_fallback,mapped_klifs_dfg_proxy_alphac,6xrg,A,152.0,77.0,96.0,5.100548267364502,14.725377082824707,6.152564525604248,14.173334121704102,5.548385143280029,13.969029426574707,True,False,closer_to_active_target_than_inactive_proxy,False,
fold_01,ABL1,fold_01_sample6_ABL1_3qri_B_to_ABL1_2hz4_A,ABL1_3qri_B,ABL1_2hz4_A,generated_export_fallback,mapped_klifs_dfg_proxy_alphac,3qri,B,144.0,69.0,88.0,6.553225517272949,16.71038818359375,6.237023830413818,15.0396089553833,5.934107780456543,14.443612098693848,False,False,closer_to_active_target_than_inactive_proxy,False,
fold_02,BRAF,fold_02_sample0_BRAF_4wo5_B_to_BRAF_4mnf_A,BRAF_4wo5_B,BRAF_4mnf_A,generated_export_fallback,mapped_klifs_dfg_proxy_alphac,4wo5,B,144.0,69.0,88.0,8.082315444946289,14.615523338317871,8.313005447387695,15.9312105178833,7.370725154876709,16.79389762878418,False,False,closer_to_active_target_than_inactive_proxy,False,
fold_02,BRAF,fold_02_sample1_BRAF_4g9c_B_to_BRAF_3d4q_B,BRAF_4g9c_B,BRAF_3d4q_B,generated_export_fallback,mapped_klifs_dfg_proxy_alphac,4g9c,B,146.0,71.0,90.0,6.011058330535889,14.063467025756836,6.308745861053467,15.477702140808105,8.05628776550293,15.211369514465332,False,True,closer_to_active_target_than_inactive_proxy,False,
fold_02,BRAF,fold_02_sample2_BRAF_4jvg_B_to_BRAF_2fb8_B,BRAF_4jvg_B,BRAF_2fb8_B,generated_export_fallback,mapped_klifs_dfg_proxy_alphac,4jvg,B,146.0,71.0,90.0,8.374372482299805,16.303316116333008,7.481362342834473,17.280508041381836,8.868728637695312,15.313009262084961,True,False,closer_to_active_target_than_inactive_proxy,False,
fold_02,BRAF,fold_02_sample3_BRAF_4mbj_A_to_BRAF_4e26_A,BRAF_4mbj_A,BRAF_4e26_A,generated_export_fallback,mapped_klifs_dfg_proxy_alphac,4mbj,A,146.0,71.0,90.0,4.51888370513916,11.784675598144531,5.330190181732178,13.000166893005371,5.60474157333374,13.931417465209961,False,False,closer_to_active_target_than_inactive_proxy,False,
fold_02,BRAF,fold_02_sample4_BRAF_3q96_B_to_BRAF_3ppj_A,BRAF_3q96_B,BRAF_3ppj_A,generated_export_fallback,mapped_klifs_dfg_proxy_alphac,3q96,B,145.0,70.0,89.0,7.63087797164917,12.960556983947754,6.790307998657227,15.590411186218262,7.0725250244140625,16.600027084350586,True,False,closer_to_active_target_than_inactive_proxy,False,
fold_02,BRAF,fold_02_sample5_BRAF_4g9c_B_to_BRAF_3ppk_B,BRAF_4g9c_B,BRAF_3ppk_B,generated_export_fallback,mapped_klifs_dfg_proxy_alphac,4g9c,B,146.0,71.0,90.0,6.011058330535889,14.063467025756836,6.308745861053467,15.477702140808105,8.057716369628906,15.38687801361084,False,True,closer_to_active_target_than_inactive_proxy,False,
fold_02,BRAF,fold_02_sample6_BRAF_4g9c_B_to_BRAF_3pri_A,BRAF_4g9c_B,BRAF_3pri_A,generated_export_fallback,mapped_klifs_dfg_proxy_alphac,4g9c,B,146.0,71.0,90.0,6.011058330535889,14.063467025756836,6.308745861053467,15.477702140808105,8.135257720947266,15.703964233398438,False,False,closer_to_active_target_than_inactive_proxy,False,
fold_02,BRAF,fold_02_sample7_BRAF_4g9c_B_to_BRAF_3psb_B,BRAF_4g9c_B,BRAF_3psb_B,generated_export_fallback,mapped_klifs_dfg_proxy_alphac,4g9c,B,146.0,71.0,90.0,6.011058330535889,14.063467025756836,6.308745861053467,15.477702140808105,7.799443244934082,15.370421409606934,False,True,closer_to_active_target_than_inactive_proxy,False,
fold_02,BRAF,fold_02_sample8_BRAF_3q96_B_to_BRAF_3prf_B,BRAF_3q96_B,BRAF_3prf_B,generated_export_fallback,mapped_klifs_dfg_proxy_alphac,3q96,B,145.0,70.0,89.0,7.63087797164917,12.960556983947754,6.790307998657227,15.590411186218262,7.082441806793213,16.761911392211914,True,False,closer_to_active_target_than_inactive_proxy,False,
fold_02,BRAF,fold_02_sample9_BRAF_3q96_B_to_BRAF_3psd_A,BRAF_3q96_B,BRAF_3psd_A,generated_export_fallback,mapped_klifs_dfg_proxy_alphac,3q96,B,145.0,70.0,89.0,7.63087797164917,12.960556983947754,6.790307998657227,15.590411186218262,7.247254371643066,16.65516471862793,True,False,closer_to_active_target_than_inactive_proxy,False,
fold_02,BRAF,fold_02_sample10_BRAF_3c4c_A_to_BRAF_4yht_B,BRAF_3c4c_A,BRAF_4yht_B,generated_export_fallback,mapped_klifs_dfg_proxy_alphac,3c4c,A,146.0,71.0,90.0,8.875073432922363,15.45114517211914,8.730803489685059,17.47500991821289,8.618577003479004,14.933944702148438,False,True,closer_to_active_target_than_inactive_proxy,False,
fold_02,BRAF,fold_02_sample11_BRAF_6uan_C_to_BRAF_6u2h_D,BRAF_6uan_C,BRAF_6u2h_D,generated_export_fallback,mapped_klifs_dfg_proxy_alphac,6uan,C,145.0,70.0,89.0,5.81662130355835,13.338506698608398,4.573939323425293,14.543726921081543,5.097148895263672,15.025721549987793,True,False,closer_to_active_target_than_inactive_proxy,False,
fold_02,BRAF,fold_02_sample12_BRAF_4xv9_A_to_BRAF_7shv_A,BRAF_4xv9_A,BRAF_7shv_A,generated_export_fallback,mapped_klifs_dfg_proxy_alphac,4xv9,A,146.0,71.0,90.0,10.09752368927002,14.694404602050781,7.420941352844238,16.168752670288086,8.793868064880371,14.978261947631836,True,True,closer_to_active_target_than_inactive_proxy,True,
fold_02,BRAF,fold_02_sample13_BRAF_4fc0_A_to_BRAF_3og7_B,BRAF_4fc0_A,BRAF_3og7_B,generated_export_fallback,mapped_klifs_dfg_proxy_alphac,4fc0,A,146.0,71.0,90.0,11.28176498413086,16.403873443603516,8.840893745422363,17.768726348876953,8.522529602050781,15.650028228759766,False,True,closer_to_active_target_than_inactive_proxy,False,
fold_02,BRAF,fold_02_sample14_BRAF_5jt2_D_to_BRAF_4xv3_B,BRAF_5jt2_D,BRAF_4xv3_B,generated_export_fallback,mapped_klifs_dfg_proxy_alphac,5jt2,D,146.0,71.0,90.0,6.507785797119141,14.384049415588379,7.323594570159912,15.445840835571289,11.79318904876709,17.366832733154297,False,False,closer_to_active_target_than_inactive_proxy,False,
fold_02,BRAF,fold_02_sample15_BRAF_4xv2_B_to_BRAF_4xv1_B,BRAF_4xv2_B,BRAF_4xv1_B,generated_export_fallback,mapped_klifs_dfg_proxy_alphac,4xv2,B,144.0,69.0,88.0,8.542404174804688,16.6546573638916,7.478490352630615,18.87835693359375,11.787934303283691,13.828415870666504,False,False,closer_to_active_target_than_inactive_proxy,False,
fold_02,BRAF,fold_02_sample16_BRAF_4wo5_B_to_BRAF_4fk3_B,BRAF_4wo5_B,BRAF_4fk3_B,generated_export_fallback,mapped_klifs_dfg_proxy_alphac,4wo5,B,144.0,69.0,88.0,8.082315444946289,14.615523338317871,8.313005447387695,15.9312105178833,6.0437912940979,17.332048416137695,False,False,closer_to_active_target_than_inactive_proxy,False,
fold_02,BRAF,fold_02_sample17_BRAF_3c4c_A_to_BRAF_4mne_F,BRAF_3c4c_A,BRAF_4mne_F,generated_export_fallback,mapped_klifs_dfg_proxy_alphac,3c4c,A,146.0,71.0,90.0,8.875073432922363,15.45114517211914,8.730803489685059,17.47500991821289,13.404008865356445,15.22814655303955,False,True,closer_to_active_target_than_inactive_proxy,False,
fold_02,BRAF,fold_02_sample18_BRAF_6uan_C_to_BRAF_6q0k_B,BRAF_6uan_C,BRAF_6q0k_B,generated_export_fallback,mapped_klifs_dfg_proxy_alphac,6uan,C,145.0,70.0,89.0,5.81662130355835,13.338506698608398,4.573939323425293,14.543726921081543,7.123576641082764,14.210969924926758,False,True,closer_to_active_target_than_inactive_proxy,False,
fold_02,BRAF,fold_02_sample19_BRAF_3skc_B_to_BRAF_6xag_C,BRAF_3skc_B,BRAF_6xag_C,generated_export_fallback,mapped_klifs_dfg_proxy_alphac,3skc,B,146.0,71.0,90.0,3.83797550201416,10.114497184753418,4.341813087463379,11.795173645019531,6.690463066101074,13.96578598022461,False,False,closer_to_active_target_than_inactive_proxy,False,
fold_02,BRAF,fold_02_sample20_BRAF_3skc_B_to_BRAF_6q0t_A,BRAF_3skc_B,BRAF_6q0t_A,generated_export_fallback,mapped_klifs_dfg_proxy_alphac,3skc,B,146.0,71.0,90.0,3.83797550201416,10.114497184753418,4.341813087463379,11.795173645019531,7.117209434509277,14.22409725189209,False,False,closer_to_active_target_than_inactive_proxy,False,
fold_02,BRAF,fold_02_sample21_BRAF_6uan_C_to_BRAF_6q0j_A,BRAF_6uan_C,BRAF_6q0j_A,generated_export_fallback,mapped_klifs_dfg_proxy_alphac,6uan,C,145.0,70.0,89.0,5.81662130355835,13.338506698608398,4.573939323425293,14.543726921081543,4.813325881958008,14.211813926696777,True,True,closer_to_active_target_than_inactive_proxy,True,
fold_02,BRAF,fold_02_sample22_BRAF_4g9c_B_to_BRAF_3q4c_B,BRAF_4g9c_B,BRAF_3q4c_B,generated_export_fallback,mapped_klifs_dfg_proxy_alphac,4g9c,B,146.0,71.0,90.0,6.011058330535889,14.063467025756836,6.308745861053467,15.477702140808105,7.813769817352295,15.904218673706055,False,False,closer_to_active_target_than_inactive_proxy,False,
fold_03,EGFR,fold_03_sample0_EGFR_8f1w_A_to_EGFR_2ito_A,EGFR_8f1w_A,EGFR_2ito_A,generated_export_fallback,mapped_klifs_dfg_proxy_alphac,8f1w,A,154.0,79.0,98.0,4.2909159660339355,13.34135913848877,6.851550579071045,13.334391593933105,12.557000160217285,16.80759620666504,False,False,closer_to_active_target_than_inactive_proxy,False,
fold_03,EGFR,fold_03_sample1_EGFR_8a2a_A_to_EGFR_4li5_A,EGFR_8a2a_A,EGFR_4li5_A,generated_export_fallback,mapped_klifs_dfg_proxy_alphac,8a2a,A,155.0,80.0,99.0,2.4234535694122314,13.740829467773438,5.818398952484131,14.190594673156738,17.73513412475586,15.845263481140137,False,False,closer_to_active_target_than_inactive_proxy,False,
fold_03,EGFR,fold_03_sample2_EGFR_4i24_B_to_EGFR_4jq8_A,EGFR_4i24_B,EGFR_4jq8_A,generated_export_fallback,mapped_klifs_dfg_proxy_alphac,4i24,B,155.0,80.0,99.0,5.292055606842041,14.24491024017334,7.326839923858643,14.30252456665039,9.9519624710083,17.5721492767334,False,False,closer_to_active_target_than_inactive_proxy,False,
fold_03,EGFR,fold_03_sample3_EGFR_8fv3_A_to_EGFR_4r5s_A,EGFR_8fv3_A,EGFR_4r5s_A,generated_export_fallback,mapped_klifs_dfg_proxy_alphac,8fv3,A,152.0,77.0,96.0,4.828364372253418,14.462021827697754,6.9188971519470215,14.813112258911133,15.72721004486084,17.32340431213379,False,False,closer_to_active_target_than_inactive_proxy,False,
fold_03,EGFR,fold_03_sample4_EGFR_8fv4_A_to_EGFR_3vjo_A,EGFR_8fv4_A,EGFR_3vjo_A,generated_export_fallback,mapped_klifs_dfg_proxy_alphac,8fv4,A,152.0,77.0,96.0,4.51816463470459,14.824058532714844,7.477726459503174,15.118548393249512,6.138802528381348,17.49794578552246,True,False,closer_to_active_target_than_inactive_proxy,False,
fold_03,EGFR,fold_03_sample5_EGFR_8a2a_A_to_EGFR_4lqm_A,EGFR_8a2a_A,EGFR_4lqm_A,generated_export_fallback,mapped_klifs_dfg_proxy_alphac,8a2a,A,155.0,80.0,99.0,2.4234535694122314,13.740829467773438,5.818398952484131,14.190594673156738,5.844322681427002,15.214879035949707,False,False,closer_to_active_target_than_inactive_proxy,False,
fold_03,EGFR,fold_03_sample6_EGFR_4i24_B_to_EGFR_2itu_A,EGFR_4i24_B,EGFR_2itu_A,generated_export_fallback,mapped_klifs_dfg_proxy_alphac,4i24,B,155.0,80.0,99.0,5.292055606842041,14.24491024017334,7.326839923858643,14.30252456665039,8.969464302062988,17.580810546875,False,False,closer_to_active_target_than_inactive_proxy,False,
fold_03,EGFR,fold_03_sample7_EGFR_4i24_B_to_EGFR_4jq7_A,EGFR_4i24_B,EGFR_4jq7_A,generated_export_fallback,mapped_klifs_dfg_proxy_alphac,4i24,B,155.0,80.0,99.0,5.292055606842041,14.24491024017334,7.326839923858643,14.30252456665039,9.843428611755371,17.53514289855957,False,False,closer_to_active_target_than_inactive_proxy,False,
fold_03,EGFR,fold_03_sample8_EGFR_5hg5_A_to_EGFR_2itz_A,EGFR_5hg5_A,EGFR_2itz_A,generated_export_fallback,mapped_klifs_dfg_proxy_alphac,5hg5,A,155.0,80.0,99.0,4.578013896942139,15.064244270324707,6.627047061920166,15.254484176635742,6.789017200469971,17.261707305908203,False,False,closer_to_active_target_than_inactive_proxy,False,
fold_03,EGFR,fold_03_sample9_EGFR_5cnn_A_to_EGFR_2ity_A,EGFR_5cnn_A,EGFR_2ity_A,generated_export_fallback,mapped_klifs_dfg_proxy_alphac,5cnn,A,153.0,78.0,97.0,4.38330602645874,14.46886157989502,7.107738971710205,14.997827529907227,12.385931968688965,17.112539291381836,False,False,closer_to_active_target_than_inactive_proxy,False,
fold_03,EGFR,fold_03_sample10_EGFR_4i24_B_to_EGFR_2itn_A,EGFR_4i24_B,EGFR_2itn_A,generated_export_fallback,mapped_klifs_dfg_proxy_alphac,4i24,B,155.0,80.0,99.0,5.292055606842041,14.24491024017334,7.326839923858643,14.30252456665039,9.270981788635254,17.16649627685547,False,False,closer_to_active_target_than_inactive_proxy,False,
fold_03,EGFR,fold_03_sample11_EGFR_8fv3_A_to_EGFR_3ug2_A,EGFR_8fv3_A,EGFR_3ug2_A,generated_export_fallback,mapped_klifs_dfg_proxy_alphac,8fv3,A,152.0,77.0,96.0,4.828364372253418,14.462021827697754,6.9188971519470215,14.813112258911133,5.491783142089844,15.620037078857422,True,False,closer_to_active_target_than_inactive_proxy,False,
fold_03,EGFR,fold_03_sample12_EGFR_7k1h_A_to_EGFR_4ll0_A,EGFR_7k1h_A,EGFR_4ll0_A,generated_export_fallback,mapped_klifs_dfg_proxy_alphac,7k1h,A,154.0,79.0,98.0,4.3747406005859375,15.283242225646973,7.4012908935546875,16.503801345825195,9.079877853393555,17.15391731262207,False,False,closer_to_active_target_than_inactive_proxy,False,
fold_03,EGFR,fold_03_sample13_EGFR_3gt8_C_to_EGFR_4rj7_A,EGFR_3gt8_C,EGFR_4rj7_A,generated_export_fallback,mapped_klifs_dfg_proxy_alphac,3gt8,C,156.0,81.0,100.0,3.861452341079712,14.335029602050781,6.92629861831665,14.662968635559082,9.398687362670898,15.407320022583008,False,False,closer_to_active_target_than_inactive_proxy,False,
fold_03,EGFR,fold_03_sample14_EGFR_3w2s_A_to_EGFR_4g5j_A,EGFR_3w2s_A,EGFR_4g5j_A,generated_export_fallback,mapped_klifs_dfg_proxy_alphac,3w2s,A,154.0,79.0,98.0,4.2487592697143555,14.120772361755371,7.1764817237854,14.677766799926758,17.970720291137695,19.424488067626953,False,False,closer_to_active_target_than_inactive_proxy,False,
fold_03,EGFR,fold_03_sample15_EGFR_5cnn_A_to_EGFR_2itq_A,EGFR_5cnn_A,EGFR_2itq_A,generated_export_fallback,mapped_klifs_dfg_proxy_alphac,5cnn,A,153.0,78.0,97.0,4.38330602645874,14.46886157989502,7.107738971710205,14.997827529907227,12.883341789245605,17.335691452026367,False,False,closer_to_active_target_than_inactive_proxy,False,
fold_03,EGFR,fold_03_sample16_EGFR_6v5n_C_to_EGFR_2eb3_A,EGFR_6v5n_C,EGFR_2eb3_A,generated_export_fallback,mapped_klifs_dfg_proxy_alphac,6v5n,C,154.0,79.0,98.0,4.556685447692871,14.30251693725586,7.745067119598389,15.247629165649414,8.964219093322754,18.528213500976562,False,False,closer_to_active_target_than_inactive_proxy,False,
fold_03,EGFR,fold_03_sample17_EGFR_5cnn_A_to_EGFR_2itw_A,EGFR_5cnn_A,EGFR_2itw_A,generated_export_fallback,mapped_klifs_dfg_proxy_alphac,5cnn,A,153.0,78.0,97.0,4.38330602645874,14.46886157989502,7.107738971710205,14.997827529907227,15.911940574645996,16.922731399536133,False,False,closer_to_active_target_than_inactive_proxy,False,
fold_03,EGFR,fold_03_sample18_EGFR_8f1w_A_to_EGFR_2itv_A,EGFR_8f1w_A,EGFR_2itv_A,generated_export_fallback,mapped_klifs_dfg_proxy_alphac,8f1w,A,154.0,79.0,98.0,4.2909159660339355,13.34135913848877,6.851550579071045,13.334391593933105,12.556171417236328,16.994497299194336,False,False,closer_to_active_target_than_inactive_proxy,False,
fold_03,EGFR,fold_03_sample19_EGFR_6v5p_D_to_EGFR_3w2p_A,EGFR_6v5p_D,EGFR_3w2p_A,generated_export_fallback,mapped_klifs_dfg_proxy_alphac,6v5p,D,154.0,79.0,98.0,4.849341869354248,13.314409255981445,6.818904876708984,12.871906280517578,9.952014923095703,18.440629959106445,False,False,closer_to_active_target_than_inactive_proxy,False,
fold_03,EGFR,fold_03_sample20_EGFR_3w33_A_to_EGFR_4rj6_A,EGFR_3w33_A,EGFR_4rj6_A,generated_export_fallback,mapped_klifs_dfg_proxy_alphac,3w33,A,149.0,74.0,93.0,3.9521422386169434,14.114153861999512,6.546441555023193,14.484175682067871,11.974404335021973,17.884706497192383,False,False,closer_to_active_target_than_inactive_proxy,False,
fold_03,EGFR,fold_03_sample21_EGFR_3w33_A_to_EGFR_4wkq_A,EGFR_3w33_A,EGFR_4wkq_A,generated_export_fallback,mapped_klifs_dfg_proxy_alphac,3w33,A,149.0,74.0,93.0,3.9521422386169434,14.114153861999512,6.546441555023193,14.484175682067871,7.5753350257873535,17.53483009338379,False,False,closer_to_active_target_than_inactive_proxy,False,
fold_03,EGFR,fold_03_sample22_EGFR_3w2s_A_to_EGFR_3w2q_A,EGFR_3w2s_A,EGFR_3w2q_A,generated_export_fallback,mapped_klifs_dfg_proxy_alphac,3w2s,A,154.0,79.0,98.0,4.2487592697143555,14.120772361755371,7.1764817237854,14.677766799926758,9.932283401489258,18.125782012939453,False,False,closer_to_active_target_than_inactive_proxy,False,
fold_03,EGFR,fold_03_sample23_EGFR_3w33_A_to_EGFR_4riy_D,EGFR_3w33_A,EGFR_4riy_D,generated_export_fallback,mapped_klifs_dfg_proxy_alphac,3w33,A,149.0,74.0,93.0,3.9521422386169434,14.114153861999512,6.546441555023193,14.484175682067871,8.426135063171387,12.368075370788574,False,False,closer_to_active_target_than_inactive_proxy,False,
fold_03,EGFR,fold_03_sample24_EGFR_6v6k_B_to_EGFR_4jrv_A,EGFR_6v6k_B,EGFR_4jrv_A,generated_export_fallback,mapped_klifs_dfg_proxy_alphac,6v6k,B,155.0,80.0,99.0,4.984460830688477,14.614094734191895,7.42758846282959,15.420555114746094,5.727394104003906,16.945148468017578,True,False,closer_to_active_target_than_inactive_proxy,False,
fold_03,EGFR,fold_03_sample25_EGFR_5x2f_B_to_EGFR_1m17_A,EGFR_5x2f_B,EGFR_1m17_A,generated_export_fallback,mapped_klifs_dfg_proxy_alphac,5x2f,B,156.0,81.0,100.0,4.429061412811279,13.304357528686523,6.782169342041016,12.849063873291016,7.557858467102051,17.715120315551758,False,False,closer_to_active_target_than_inactive_proxy,False,
fold_03,EGFR,fold_03_sample26_EGFR_6v5p_D_to_EGFR_2j5f_A,EGFR_6v5p_D,EGFR_2j5f_A,generated_export_fallback,mapped_klifs_dfg_proxy_alphac,6v5p,D,154.0,79.0,98.0,4.849341869354248,13.314409255981445,6.818904876708984,12.871906280517578,12.603759765625,16.494876861572266,False,False,closer_to_active_target_than_inactive_proxy,False,
fold_03,EGFR,fold_03_sample27_EGFR_3w2s_A_to_EGFR_2itx_A,EGFR_3w2s_A,EGFR_2itx_A,generated_export_fallback,mapped_klifs_dfg_proxy_alphac,3w2s,A,154.0,79.0,98.0,4.2487592697143555,14.120772361755371,7.1764817237854,14.677766799926758,10.267953872680664,17.590883255004883,False,False,closer_to_active_target_than_inactive_proxy,False,
fold_03,EGFR,fold_03_sample28_EGFR_8fv3_A_to_EGFR_4rj4_A,EGFR_8fv3_A,EGFR_4rj4_A,generated_export_fallback,mapped_klifs_dfg_proxy_alphac,8fv3,A,152.0,77.0,96.0,4.828364372253418,14.462021827697754,6.9188971519470215,14.813112258911133,7.207439422607422,18.525596618652344,False,False,closer_to_active_target_than_inactive_proxy,False,
fold_03,EGFR,fold_03_sample29_EGFR_3poz_A_to_EGFR_4lrm_B,EGFR_3poz_A,EGFR_4lrm_B,generated_export_fallback,mapped_klifs_dfg_proxy_alphac,3poz,A,143.0,68.0,87.0,2.4406797885894775,13.671225547790527,5.364936351776123,13.253843307495117,10.748242378234863,12.52801513671875,False,False,closer_to_active_target_than_inactive_proxy,False,
fold_03,EGFR,fold_03_sample30_EGFR_3w33_A_to_EGFR_4rix_D,EGFR_3w33_A,EGFR_4rix_D,generated_export_fallback,mapped_klifs_dfg_proxy_alphac,3w33,A,149.0,74.0,93.0,3.9521422386169434,14.114153861999512,6.546441555023193,14.484175682067871,8.414697647094727,12.387288093566895,False,False,closer_to_active_target_than_inactive_proxy,False,
fold_03,EGFR,fold_03_sample31_EGFR_3gt8_C_to_EGFR_4rj5_A,EGFR_3gt8_C,EGFR_4rj5_A,generated_export_fallback,mapped_klifs_dfg_proxy_alphac,3gt8,C,156.0,81.0,100.0,3.861452341079712,14.335029602050781,6.92629861831665,14.662968635559082,9.41549301147461,16.67558479309082,False,False,closer_to_active_target_than_inactive_proxy,False,
fold_03,EGFR,fold_03_sample32_EGFR_4i24_B_to_EGFR_4i23_A,EGFR_4i24_B,EGFR_4i23_A,generated_export_fallback,mapped_klifs_dfg_proxy_alphac,4i24,B,155.0,80.0,99.0,5.292055606842041,14.24491024017334,7.326839923858643,14.30252456665039,5.909993648529053,16.321741104125977,True,False,closer_to_active_target_than_inactive_proxy,False,
fold_03,EGFR,fold_03_sample33_EGFR_8a2a_A_to_EGFR_2itp_A,EGFR_8a2a_A,EGFR_2itp_A,generated_export_fallback,mapped_klifs_dfg_proxy_alphac,8a2a,A,155.0,80.0,99.0,2.4234535694122314,13.740829467773438,5.818398952484131,14.190594673156738,7.6115570068359375,17.600322723388672,False,False,closer_to_active_target_than_inactive_proxy,False,
fold_03,EGFR,fold_03_sample34_EGFR_3w33_A_to_EGFR_3vjn_A,EGFR_3w33_A,EGFR_3vjn_A,generated_export_fallback,mapped_klifs_dfg_proxy_alphac,3w33,A,149.0,74.0,93.0,3.9521422386169434,14.114153861999512,6.546441555023193,14.484175682067871,12.95138168334961,17.33613395690918,False,False,closer_to_active_target_than_inactive_proxy,False,
fold_03,EGFR,fold_03_sample35_EGFR_3poz_A_to_EGFR_4riw_B,EGFR_3poz_A,EGFR_4riw_B,generated_export_fallback,mapped_klifs_dfg_proxy_alphac,3poz,A,143.0,68.0,87.0,2.4406797885894775,13.671225547790527,5.364936351776123,13.253843307495117,15.018121719360352,15.245189666748047,False,False,closer_to_active_target_than_inactive_proxy,False,
fold_03,EGFR,fold_03_sample36_EGFR_4i24_B_to_EGFR_4jr3_A,EGFR_4i24_B,EGFR_4jr3_A,generated_export_fallback,mapped_klifs_dfg_proxy_alphac,4i24,B,155.0,80.0,99.0,5.292055606842041,14.24491024017334,7.326839923858643,14.30252456665039,9.823232650756836,17.555355072021484,False,False,closer_to_active_target_than_inactive_proxy,False,
fold_03,EGFR,fold_03_sample37_EGFR_5hg5_A_to_EGFR_2itt_A,EGFR_5hg5_A,EGFR_2itt_A,generated_export_fallback,mapped_klifs_dfg_proxy_alphac,5hg5,A,155.0,80.0,99.0,4.578013896942139,15.064244270324707,6.627047061920166,15.254484176635742,6.790334224700928,17.22200584411621,False,False,closer_to_active_target_than_inactive_proxy,False,
fold_03,EGFR,fold_03_sample38_EGFR_8fv4_A_to_EGFR_4rj8_A,EGFR_8fv4_A,EGFR_4rj8_A,generated_export_fallback,mapped_klifs_dfg_proxy_alphac,8fv4,A,152.0,77.0,96.0,4.51816463470459,14.824058532714844,7.477726459503174,15.118548393249512,5.976623058319092,18.32315444946289,True,False,closer_to_active_target_than_inactive_proxy,False,
fold_03,EGFR,fold_03_sample39_EGFR_8a2a_A_to_EGFR_2j6m_A,EGFR_8a2a_A,EGFR_2j6m_A,generated_export_fallback,mapped_klifs_dfg_proxy_alphac,8a2a,A,155.0,80.0,99.0,2.4234535694122314,13.740829467773438,5.818398952484131,14.190594673156738,7.808289527893066,17.715749740600586,False,False,closer_to_active_target_than_inactive_proxy,False,
fold_03,EGFR,fold_03_sample40_EGFR_8fv4_A_to_EGFR_5edq_A,EGFR_8fv4_A,EGFR_5edq_A,generated_export_fallback,mapped_klifs_dfg_proxy_alphac,8fv4,A,152.0,77.0,96.0,4.51816463470459,14.824058532714844,7.477726459503174,15.118548393249512,15.024609565734863,18.525102615356445,False,False,closer_to_active_target_than_inactive_proxy,False,
fold_03,EGFR,fold_03_sample41_EGFR_5cnn_A_to_EGFR_5cal_A,EGFR_5cnn_A,EGFR_5cal_A,generated_export_fallback,mapped_klifs_dfg_proxy_alphac,5cnn,A,153.0,78.0,97.0,4.38330602645874,14.46886157989502,7.107738971710205,14.997827529907227,7.52777099609375,18.67690658569336,False,False,closer_to_active_target_than_inactive_proxy,False,
fold_03,EGFR,fold_03_sample42_EGFR_3w33_A_to_EGFR_5cau_A,EGFR_3w33_A,EGFR_5cau_A,generated_export_fallback,mapped_klifs_dfg_proxy_alphac,3w33,A,149.0,74.0,93.0,3.9521422386169434,14.114153861999512,6.546441555023193,14.484175682067871,14.751850128173828,17.385759353637695,False,False,closer_to_active_target_than_inactive_proxy,False,
fold_03,EGFR,fold_03_sample43_EGFR_8a2a_A_to_EGFR_5cav_A,EGFR_8a2a_A,EGFR_5cav_A,generated_export_fallback,mapped_klifs_dfg_proxy_alphac,8a2a,A,155.0,80.0,99.0,2.4234535694122314,13.740829467773438,5.818398952484131,14.190594673156738,7.457119941711426,17.765687942504883,False,False,closer_to_active_target_than_inactive_proxy,False,
fold_03,EGFR,fold_03_sample44_EGFR_8f1w_A_to_EGFR_5cap_A,EGFR_8f1w_A,EGFR_5cap_A,generated_export_fallback,mapped_klifs_dfg_proxy_alphac,8f1w,A,154.0,79.0,98.0,4.2909159660339355,13.34135913848877,6.851550579071045,13.334391593933105,9.258914947509766,18.737258911132812,False,False,closer_to_active_target_than_inactive_proxy,False,
fold_03,EGFR,fold_03_sample45_EGFR_5cnn_A_to_EGFR_5c8n_A,EGFR_5cnn_A,EGFR_5c8n_A,generated_export_fallback,mapped_klifs_dfg_proxy_alphac,5cnn,A,153.0,78.0,97.0,4.38330602645874,14.46886157989502,7.107738971710205,14.997827529907227,7.166866302490234,18.507179260253906,False,False,closer_to_active_target_than_inactive_proxy,False,
fold_03,EGFR,fold_03_sample46_EGFR_5cnn_A_to_EGFR_5c8k_A,EGFR_5cnn_A,EGFR_5c8k_A,generated_export_fallback,mapped_klifs_dfg_proxy_alphac,5cnn,A,153.0,78.0,97.0,4.38330602645874,14.46886157989502,7.107738971710205,14.997827529907227,7.488105773925781,18.79497528076172,False,False,closer_to_active_target_than_inactive_proxy,False,
fold_03,EGFR,fold_03_sample47_EGFR_5hg5_A_to_EGFR_5c8m_A,EGFR_5hg5_A,EGFR_5c8m_A,generated_export_fallback,mapped_klifs_dfg_proxy_alphac,5hg5,A,155.0,80.0,99.0,4.578013896942139,15.064244270324707,6.627047061920166,15.254484176635742,6.956857681274414,18.1223201751709,False,False,closer_to_active_target_than_inactive_proxy,False,
fold_03,EGFR,fold_03_sample48_EGFR_6v6k_B_to_EGFR_5can_A,EGFR_6v6k_B,EGFR_5can_A,generated_export_fallback,mapped_klifs_dfg_proxy_alphac,6v6k,B,155.0,80.0,99.0,4.984460830688477,14.614094734191895,7.42758846282959,15.420555114746094,5.962904930114746,18.228580474853516,True,False,closer_to_active_target_than_inactive_proxy,False,
fold_03,EGFR,fold_03_sample49_EGFR_6v6k_B_to_EGFR_5caq_A,EGFR_6v6k_B,EGFR_5caq_A,generated_export_fallback,mapped_klifs_dfg_proxy_alphac,6v6k,B,155.0,80.0,99.0,4.984460830688477,14.614094734191895,7.42758846282959,15.420555114746094,6.974478244781494,17.904144287109375,True,False,closer_to_active_target_than_inactive_proxy,False,
fold_03,EGFR,fold_03_sample50_EGFR_8fv3_A_to_EGFR_5cas_A,EGFR_8fv3_A,EGFR_5cas_A,generated_export_fallback,mapped_klifs_dfg_proxy_alphac,8fv3,A,152.0,77.0,96.0,4.828364372253418,14.462021827697754,6.9188971519470215,14.813112258911133,6.946456432342529,18.288394927978516,False,False,closer_to_active_target_than_inactive_proxy,False,
fold_03,EGFR,fold_03_sample51_EGFR_5cnn_A_to_EGFR_5cao_A,EGFR_5cnn_A,EGFR_5cao_A,generated_export_fallback,mapped_klifs_dfg_proxy_alphac,5cnn,A,153.0,78.0,97.0,4.38330602645874,14.46886157989502,7.107738971710205,14.997827529907227,6.822994232177734,19.269773483276367,True,False,closer_to_active_target_than_inactive_proxy,False,
fold_03,EGFR,fold_03_sample52_EGFR_8fv3_A_to_EGFR_5edr_A,EGFR_8fv3_A,EGFR_5edr_A,generated_export_fallback,mapped_klifs_dfg_proxy_alphac,8fv3,A,152.0,77.0,96.0,4.828364372253418,14.462021827697754,6.9188971519470215,14.813112258911133,9.463522911071777,19.40484619140625,False,False,closer_to_active_target_than_inactive_proxy,False,
fold_03,EGFR,fold_03_sample53_EGFR_5uga_A_to_EGFR_4zau_A,EGFR_5uga_A,EGFR_4zau_A,generated_export_fallback,mapped_klifs_dfg_proxy_alphac,5uga,A,152.0,77.0,96.0,4.367088317871094,15.312775611877441,6.541810035705566,15.302412033081055,9.922773361206055,14.702996253967285,False,False,closer_to_active_target_than_inactive_proxy,False,
fold_03,EGFR,fold_03_sample54_EGFR_5cnn_A_to_EGFR_5em7_A,EGFR_5cnn_A,EGFR_5em7_A,generated_export_fallback,mapped_klifs_dfg_proxy_alphac,5cnn,A,153.0,78.0,97.0,4.38330602645874,14.46886157989502,7.107738971710205,14.997827529907227,7.1607747077941895,18.219802856445312,False,False,closer_to_active_target_than_inactive_proxy,False,
fold_03,EGFR,fold_03_sample55_EGFR_6v6k_B_to_EGFR_5em6_A,EGFR_6v6k_B,EGFR_5em6_A,generated_export_fallback,mapped_klifs_dfg_proxy_alphac,6v6k,B,155.0,80.0,99.0,4.984460830688477,14.614094734191895,7.42758846282959,15.420555114746094,8.460150718688965,16.881587982177734,False,False,closer_to_active_target_than_inactive_proxy,False,
fold_03,EGFR,fold_03_sample56_EGFR_8f1w_A_to_EGFR_5em8_A,EGFR_8f1w_A,EGFR_5em8_A,generated_export_fallback,mapped_klifs_dfg_proxy_alphac,8f1w,A,154.0,79.0,98.0,4.2909159660339355,13.34135913848877,6.851550579071045,13.334391593933105,5.620886325836182,17.09552764892578,True,False,closer_to_active_target_than_inactive_proxy,False,
fold_03,EGFR,fold_03_sample57_EGFR_8fv4_A_to_EGFR_5em5_A,EGFR_8fv4_A,EGFR_5em5_A,generated_export_fallback,mapped_klifs_dfg_proxy_alphac,8fv4,A,152.0,77.0,96.0,4.51816463470459,14.824058532714844,7.477726459503174,15.118548393249512,6.644900321960449,19.458786010742188,True,False,closer_to_active_target_than_inactive_proxy,False,
fold_03,EGFR,fold_03_sample58_EGFR_6v66_D_to_EGFR_5hib_A,EGFR_6v66_D,EGFR_5hib_A,generated_export_fallback,mapped_klifs_dfg_proxy_alphac,6v66,D,154.0,79.0,98.0,3.995678424835205,13.635451316833496,6.521129608154297,13.26378059387207,13.248544692993164,16.78062629699707,False,False,closer_to_active_target_than_inactive_proxy,False,
fold_03,EGFR,fold_03_sample59_EGFR_5hg5_A_to_EGFR_5hic_A,EGFR_5hg5_A,EGFR_5hic_A,generated_export_fallback,mapped_klifs_dfg_proxy_alphac,5hg5,A,155.0,80.0,99.0,4.578013896942139,15.064244270324707,6.627047061920166,15.254484176635742,7.049074649810791,17.530071258544922,False,False,closer_to_active_target_than_inactive_proxy,False,
fold_03,EGFR,fold_03_sample60_EGFR_7jxm_A_to_EGFR_5fee_A,EGFR_7jxm_A,EGFR_5fee_A,generated_export_fallback,mapped_klifs_dfg_proxy_alphac,7jxm,A,151.0,76.0,95.0,4.138758659362793,14.596963882446289,7.570558071136475,15.417640686035156,7.0003838539123535,14.731162071228027,True,True,closer_to_active_target_than_inactive_proxy,True,
fold_03,EGFR,fold_03_sample61_EGFR_6p1l_A_to_EGFR_5fed_A,EGFR_6p1l_A,EGFR_5fed_A,generated_export_fallback,mapped_klifs_dfg_proxy_alphac,6p1l,A,152.0,77.0,96.0,3.959458351135254,15.527572631835938,7.577643871307373,16.49284553527832,6.735666751861572,14.740633010864258,True,True,closer_to_active_target_than_inactive_proxy,True,
fold_03,EGFR,fold_03_sample62_EGFR_7jxi_A_to_EGFR_5feq_A,EGFR_7jxi_A,EGFR_5feq_A,generated_export_fallback,mapped_klifs_dfg_proxy_alphac,7jxi,A,155.0,80.0,99.0,4.178797245025635,15.489014625549316,8.293212890625,16.659299850463867,6.948387145996094,14.792265892028809,True,True,closer_to_active_target_than_inactive_proxy,True,
fold_03,EGFR,fold_03_sample63_EGFR_5cnn_A_to_EGFR_5j9y_A,EGFR_5cnn_A,EGFR_5j9y_A,generated_export_fallback,mapped_klifs_dfg_proxy_alphac,5cnn,A,153.0,78.0,97.0,4.38330602645874,14.46886157989502,7.107738971710205,14.997827529907227,13.10658073425293,17.436613082885742,False,False,closer_to_active_target_than_inactive_proxy,False,
fold_03,EGFR,fold_03_sample64_EGFR_7k1h_A_to_EGFR_5j9z_A,EGFR_7k1h_A,EGFR_5j9z_A,generated_export_fallback,mapped_klifs_dfg_proxy_alphac,7k1h,A,154.0,79.0,98.0,4.3747406005859375,15.283242225646973,7.4012908935546875,16.503801345825195,12.096820831298828,18.44297218322754,False,False,closer_to_active_target_than_inactive_proxy,False,
fold_03,EGFR,fold_03_sample65_EGFR_8fv3_A_to_EGFR_5jeb_A,EGFR_8fv3_A,EGFR_5jeb_A,generated_export_fallback,mapped_klifs_dfg_proxy_alphac,8fv3,A,152.0,77.0,96.0,4.828364372253418,14.462021827697754,6.9188971519470215,14.813112258911133,6.4695940017700195,17.254854202270508,True,False,closer_to_active_target_than_inactive_proxy,False,
fold_03,EGFR,fold_03_sample66_EGFR_5hg5_A_to_EGFR_5hcy_A,EGFR_5hg5_A,EGFR_5hcy_A,generated_export_fallback,mapped_klifs_dfg_proxy_alphac,5hg5,A,155.0,80.0,99.0,4.578013896942139,15.064244270324707,6.627047061920166,15.254484176635742,5.812952995300293,17.751556396484375,True,False,closer_to_active_target_than_inactive_proxy,False,
fold_03,EGFR,fold_03_sample67_EGFR_8fv4_A_to_EGFR_5hcx_A,EGFR_8fv4_A,EGFR_5hcx_A,generated_export_fallback,mapped_klifs_dfg_proxy_alphac,8fv4,A,152.0,77.0,96.0,4.51816463470459,14.824058532714844,7.477726459503174,15.118548393249512,9.018956184387207,18.090925216674805,False,False,closer_to_active_target_than_inactive_proxy,False,
fold_03,EGFR,fold_03_sample68_EGFR_5cnn_A_to_EGFR_5hcz_A,EGFR_5cnn_A,EGFR_5hcz_A,generated_export_fallback,mapped_klifs_dfg_proxy_alphac,5cnn,A,153.0,78.0,97.0,4.38330602645874,14.46886157989502,7.107738971710205,14.997827529907227,7.239320278167725,18.159088134765625,False,False,closer_to_active_target_than_inactive_proxy,False,
fold_03,EGFR,fold_03_sample69_EGFR_3w2s_A_to_EGFR_5ugb_A,EGFR_3w2s_A,EGFR_5ugb_A,generated_export_fallback,mapped_klifs_dfg_proxy_alphac,3w2s,A,154.0,79.0,98.0,4.2487592697143555,14.120772361755371,7.1764817237854,14.677766799926758,9.8816556930542,17.66105842590332,False,False,closer_to_active_target_than_inactive_proxy,False,
fold_03,EGFR,fold_03_sample70_EGFR_4hjo_A_to_EGFR_5gnk_A,EGFR_4hjo_A,EGFR_5gnk_A,generated_export_fallback,mapped_klifs_dfg_proxy_alphac,4hjo,A,148.0,73.0,92.0,4.237802982330322,13.106727600097656,4.899847984313965,12.105536460876465,14.668935775756836,13.113940238952637,False,True,closer_to_active_target_than_inactive_proxy,False,
fold_03,EGFR,fold_03_sample71_EGFR_8a2a_A_to_EGFR_5gmp_A,EGFR_8a2a_A,EGFR_5gmp_A,generated_export_fallback,mapped_klifs_dfg_proxy_alphac,8a2a,A,155.0,80.0,99.0,2.4234535694122314,13.740829467773438,5.818398952484131,14.190594673156738,8.796453475952148,17.685134887695312,False,False,closer_to_active_target_than_inactive_proxy,False,
fold_03,EGFR,fold_03_sample72_EGFR_3w32_A_to_EGFR_5gtz_A,EGFR_3w32_A,EGFR_5gtz_A,generated_export_fallback,mapped_klifs_dfg_proxy_alphac,3w32,A,154.0,79.0,98.0,2.957728385925293,12.81297779083252,4.205108165740967,12.247540473937988,9.742328643798828,16.84691619873047,False,False,closer_to_active_target_than_inactive_proxy,False,
fold_03,EGFR,fold_03_sample73_EGFR_6p1l_A_to_EGFR_5xgm_A,EGFR_6p1l_A,EGFR_5xgm_A,generated_export_fallback,mapped_klifs_dfg_proxy_alphac,6p1l,A,152.0,77.0,96.0,3.959458351135254,15.527572631835938,7.577643871307373,16.49284553527832,8.20232105255127,19.833650588989258,False,False,closer_to_active_target_than_inactive_proxy,False,
fold_03,EGFR,fold_03_sample74_EGFR_3w2s_A_to_EGFR_5xdk_A,EGFR_3w2s_A,EGFR_5xdk_A,generated_export_fallback,mapped_klifs_dfg_proxy_alphac,3w2s,A,154.0,79.0,98.0,4.2487592697143555,14.120772361755371,7.1764817237854,14.677766799926758,9.817119598388672,17.794456481933594,False,False,closer_to_active_target_than_inactive_proxy,False,
fold_03,EGFR,fold_03_sample75_EGFR_7ltx_A_to_EGFR_5xdl_A,EGFR_7ltx_A,EGFR_5xdl_A,generated_export_fallback,mapped_klifs_dfg_proxy_alphac,7ltx,A,155.0,80.0,99.0,4.491019248962402,15.425844192504883,7.6701579093933105,16.50910186767578,6.227308750152588,18.62799072265625,True,False,closer_to_active_target_than_inactive_proxy,False,
fold_03,EGFR,fold_03_sample76_EGFR_8a2a_A_to_EGFR_3w2o_A,EGFR_8a2a_A,EGFR_3w2o_A,generated_export_fallback,mapped_klifs_dfg_proxy_alphac,8a2a,A,155.0,80.0,99.0,2.4234535694122314,13.740829467773438,5.818398952484131,14.190594673156738,7.642616271972656,18.4337158203125,False,False,closer_to_active_target_than_inactive_proxy,False,
fold_03,EGFR,fold_03_sample77_EGFR_5hg5_A_to_EGFR_5x27_A,EGFR_5hg5_A,EGFR_5x27_A,generated_export_fallback,mapped_klifs_dfg_proxy_alphac,5hg5,A,155.0,80.0,99.0,4.578013896942139,15.064244270324707,6.627047061920166,15.254484176635742,6.790284633636475,17.157127380371094,False,False,closer_to_active_target_than_inactive_proxy,False,
fold_03,EGFR,fold_03_sample78_EGFR_5hg5_A_to_EGFR_5x26_A,EGFR_5hg5_A,EGFR_5x26_A,generated_export_fallback,mapped_klifs_dfg_proxy_alphac,5hg5,A,155.0,80.0,99.0,4.578013896942139,15.064244270324707,6.627047061920166,15.254484176635742,6.71541690826416,17.202064514160156,False,False,closer_to_active_target_than_inactive_proxy,False,
fold_03,EGFR,fold_03_sample79_EGFR_3ika_B_to_EGFR_5x28_A,EGFR_3ika_B,EGFR_5x28_A,generated_export_fallback,mapped_klifs_dfg_proxy_alphac,3ika,B,158.0,83.0,102.0,4.2338690757751465,13.913187026977539,5.192743301391602,14.0128755569458,6.65449333190918,16.083227157592773,False,False,closer_to_active_target_than_inactive_proxy,False,
fold_03,EGFR,fold_03_sample80_EGFR_6v66_D_to_EGFR_5x2k_A,EGFR_6v66_D,EGFR_5x2k_A,generated_export_fallback,mapped_klifs_dfg_proxy_alphac,6v66,D,154.0,79.0,98.0,3.995678424835205,13.635451316833496,6.521129608154297,13.26378059387207,6.983142375946045,16.928749084472656,False,False,closer_to_active_target_than_inactive_proxy,False,
fold_03,EGFR,fold_03_sample81_EGFR_5cnn_A_to_EGFR_5y9t_A,EGFR_5cnn_A,EGFR_5y9t_A,generated_export_fallback,mapped_klifs_dfg_proxy_alphac,5cnn,A,153.0,78.0,97.0,4.38330602645874,14.46886157989502,7.107738971710205,14.997827529907227,7.73268985748291,17.586793899536133,False,False,closer_to_active_target_than_inactive_proxy,False,
fold_03,EGFR,fold_03_sample82_EGFR_7ltx_A_to_EGFR_5y25_A,EGFR_7ltx_A,EGFR_5y25_A,generated_export_fallback,mapped_klifs_dfg_proxy_alphac,7ltx,A,155.0,80.0,99.0,4.491019248962402,15.425844192504883,7.6701579093933105,16.50910186767578,8.300793647766113,18.091585159301758,False,False,closer_to_active_target_than_inactive_proxy,False,
fold_03,EGFR,fold_03_sample83_EGFR_4i24_B_to_EGFR_6d8e_A,EGFR_4i24_B,EGFR_6d8e_A,generated_export_fallback,mapped_klifs_dfg_proxy_alphac,4i24,B,155.0,80.0,99.0,5.292055606842041,14.24491024017334,7.326839923858643,14.30252456665039,5.78520393371582,15.999909400939941,True,False,closer_to_active_target_than_inactive_proxy,False,
fold_03,EGFR,fold_03_sample84_EGFR_6v5n_C_to_EGFR_5zto_A,EGFR_6v5n_C,EGFR_5zto_A,generated_export_fallback,mapped_klifs_dfg_proxy_alphac,6v5n,C,154.0,79.0,98.0,4.556685447692871,14.30251693725586,7.745067119598389,15.247629165649414,6.87760066986084,19.704727172851562,True,False,closer_to_active_target_than_inactive_proxy,False,
fold_03,EGFR,fold_03_sample85_EGFR_3ika_B_to_EGFR_6s89_A,EGFR_3ika_B,EGFR_6s89_A,generated_export_fallback,mapped_klifs_dfg_proxy_alphac,3ika,B,158.0,83.0,102.0,4.2338690757751465,13.913187026977539,5.192743301391602,14.0128755569458,5.9639692306518555,16.304534912109375,False,False,closer_to_active_target_than_inactive_proxy,False,
fold_03,EGFR,fold_03_sample86_EGFR_6v66_D_to_EGFR_6s8a_A,EGFR_6v66_D,EGFR_6s8a_A,generated_export_fallback,mapped_klifs_dfg_proxy_alphac,6v66,D,154.0,79.0,98.0,3.995678424835205,13.635451316833496,6.521129608154297,13.26378059387207,9.809394836425781,17.54061508178711,False,False,closer_to_active_target_than_inactive_proxy,False,
fold_03,EGFR,fold_03_sample87_EGFR_5cnn_A_to_EGFR_6s9d_A,EGFR_5cnn_A,EGFR_6s9d_A,generated_export_fallback,mapped_klifs_dfg_proxy_alphac,5cnn,A,153.0,78.0,97.0,4.38330602645874,14.46886157989502,7.107738971710205,14.997827529907227,15.294663429260254,16.717348098754883,False,False,closer_to_active_target_than_inactive_proxy,False,
fold_03,EGFR,fold_03_sample88_EGFR_6v6k_B_to_EGFR_6s9c_A,EGFR_6v6k_B,EGFR_6s9c_A,generated_export_fallback,mapped_klifs_dfg_proxy_alphac,6v6k,B,155.0,80.0,99.0,4.984460830688477,14.614094734191895,7.42758846282959,15.420555114746094,8.857490539550781,17.704261779785156,False,False,closer_to_active_target_than_inactive_proxy,False,
fold_03,EGFR,fold_03_sample89_EGFR_7k1h_A_to_EGFR_6s9b_A,EGFR_7k1h_A,EGFR_6s9b_A,generated_export_fallback,mapped_klifs_dfg_proxy_alphac,7k1h,A,154.0,79.0,98.0,4.3747406005859375,15.283242225646973,7.4012908935546875,16.503801345825195,6.292996406555176,17.39151382446289,True,False,closer_to_active_target_than_inactive_proxy,False,
fold_03,EGFR,fold_03_sample90_EGFR_5x2f_B_to_EGFR_6jz0_A,EGFR_5x2f_B,EGFR_6jz0_A,generated_export_fallback,mapped_klifs_dfg_proxy_alphac,5x2f,B,156.0,81.0,100.0,4.429061412811279,13.304357528686523,6.782169342041016,12.849063873291016,6.186595916748047,17.50749397277832,True,False,closer_to_active_target_than_inactive_proxy,False,
fold_03,EGFR,fold_03_sample91_EGFR_5cnn_A_to_EGFR_6jrx_A,EGFR_5cnn_A,EGFR_6jrx_A,generated_export_fallback,mapped_klifs_dfg_proxy_alphac,5cnn,A,153.0,78.0,97.0,4.38330602645874,14.46886157989502,7.107738971710205,14.997827529907227,15.908722877502441,16.89979362487793,False,False,closer_to_active_target_than_inactive_proxy,False,
fold_03,EGFR,fold_03_sample92_EGFR_6p1l_A_to_EGFR_6jrj_A,EGFR_6p1l_A,EGFR_6jrj_A,generated_export_fallback,mapped_klifs_dfg_proxy_alphac,6p1l,A,152.0,77.0,96.0,3.959458351135254,15.527572631835938,7.577643871307373,16.49284553527832,7.534182548522949,19.100868225097656,True,False,closer_to_active_target_than_inactive_proxy,False,
fold_03,EGFR,fold_03_sample93_EGFR_5uga_A_to_EGFR_6jrk_A,EGFR_5uga_A,EGFR_6jrk_A,generated_export_fallback,mapped_klifs_dfg_proxy_alphac,5uga,A,152.0,77.0,96.0,4.367088317871094,15.312775611877441,6.541810035705566,15.302412033081055,8.590211868286133,17.51513671875,False,False,closer_to_active_target_than_inactive_proxy,False,
fold_03,EGFR,fold_03_sample94_EGFR_2rfd_B_to_EGFR_6vhn_A,EGFR_2rfd_B,EGFR_6vhn_A,generated_export_fallback,mapped_klifs_dfg_proxy_alphac,2rfd,B,148.0,73.0,92.0,2.8597474098205566,12.795402526855469,5.770471096038818,12.761672973632812,14.850973129272461,17.443294525146484,False,False,closer_to_active_target_than_inactive_proxy,False,
fold_03,EGFR,fold_03_sample95_EGFR_3w32_A_to_EGFR_6jwl_A,EGFR_3w32_A,EGFR_6jwl_A,generated_export_fallback,mapped_klifs_dfg_proxy_alphac,3w32,A,154.0,79.0,98.0,2.957728385925293,12.81297779083252,4.205108165740967,12.247540473937988,12.952840805053711,16.435232162475586,False,False,closer_to_active_target_than_inactive_proxy,False,
fold_03,EGFR,fold_03_sample96_EGFR_1xkk_A_to_EGFR_6jx0_A,EGFR_1xkk_A,EGFR_6jx0_A,generated_export_fallback,mapped_klifs_dfg_proxy_alphac,1xkk,A,145.0,70.0,89.0,1.7791447639465332,14.04642391204834,5.7231268882751465,13.727801322937012,17.192441940307617,14.809967994689941,False,False,closer_to_active_target_than_inactive_proxy,False,
fold_03,EGFR,fold_03_sample97_EGFR_6v66_D_to_EGFR_6jx4_A,EGFR_6v66_D,EGFR_6jx4_A,generated_export_fallback,mapped_klifs_dfg_proxy_alphac,6v66,D,154.0,79.0,98.0,3.995678424835205,13.635451316833496,6.521129608154297,13.26378059387207,12.675615310668945,16.753158569335938,False,False,closer_to_active_target_than_inactive_proxy,False,
fold_03,EGFR,fold_03_sample98_EGFR_6v5p_D_to_EGFR_6vhp_A,EGFR_6v5p_D,EGFR_6vhp_A,generated_export_fallback,mapped_klifs_dfg_proxy_alphac,6v5p,D,154.0,79.0,98.0,4.849341869354248,13.314409255981445,6.818904876708984,12.871906280517578,13.033642768859863,17.315933227539062,False,False,closer_to_active_target_than_inactive_proxy,False,
fold_03,EGFR,fold_03_sample99_EGFR_3gt8_C_to_EGFR_6vh4_A,EGFR_3gt8_C,EGFR_6vh4_A,generated_export_fallback,mapped_klifs_dfg_proxy_alphac,3gt8,C,156.0,81.0,100.0,3.861452341079712,14.335029602050781,6.92629861831665,14.662968635559082,6.197738170623779,14.862015724182129,True,False,closer_to_active_target_than_inactive_proxy,False,
fold_03,EGFR,fold_03_sample100_EGFR_6v6k_B_to_EGFR_6lub_A,EGFR_6v6k_B,EGFR_6lub_A,generated_export_fallback,mapped_klifs_dfg_proxy_alphac,6v6k,B,155.0,80.0,99.0,4.984460830688477,14.614094734191895,7.42758846282959,15.420555114746094,5.849372386932373,15.041918754577637,True,True,closer_to_active_target_than_inactive_proxy,True,
fold_03,EGFR,fold_03_sample101_EGFR_3ika_B_to_EGFR_6lud_A,EGFR_3ika_B,EGFR_6lud_A,generated_export_fallback,mapped_klifs_dfg_proxy_alphac,3ika,B,158.0,83.0,102.0,4.2338690757751465,13.913187026977539,5.192743301391602,14.0128755569458,5.804562091827393,15.046127319335938,False,False,closer_to_active_target_than_inactive_proxy,False,
fold_03,EGFR,fold_03_sample102_EGFR_5x2f_B_to_EGFR_7aem_A,EGFR_5x2f_B,EGFR_7aem_A,generated_export_fallback,mapped_klifs_dfg_proxy_alphac,5x2f,B,156.0,81.0,100.0,4.429061412811279,13.304357528686523,6.782169342041016,12.849063873291016,6.275983810424805,17.439844131469727,True,False,closer_to_active_target_than_inactive_proxy,False,
fold_03,EGFR,fold_03_sample103_EGFR_6v66_D_to_EGFR_7aei_A,EGFR_6v66_D,EGFR_7aei_A,generated_export_fallback,mapped_klifs_dfg_proxy_alphac,6v66,D,154.0,79.0,98.0,3.995678424835205,13.635451316833496,6.521129608154297,13.26378059387207,6.221707820892334,17.517271041870117,True,False,closer_to_active_target_than_inactive_proxy,False,
fold_03,EGFR,fold_03_sample104_EGFR_8a2a_A_to_EGFR_7oxb_A,EGFR_8a2a_A,EGFR_7oxb_A,generated_export_fallback,mapped_klifs_dfg_proxy_alphac,8a2a,A,155.0,80.0,99.0,2.4234535694122314,13.740829467773438,5.818398952484131,14.190594673156738,5.2955002784729,16.47703742980957,True,False,closer_to_active_target_than_inactive_proxy,False,
fold_03,EGFR,fold_03_sample105_EGFR_8fv3_A_to_EGFR_7kxz_A,EGFR_8fv3_A,EGFR_7kxz_A,generated_export_fallback,mapped_klifs_dfg_proxy_alphac,8fv3,A,152.0,77.0,96.0,4.828364372253418,14.462021827697754,6.9188971519470215,14.813112258911133,7.639306545257568,17.46292495727539,False,False,closer_to_active_target_than_inactive_proxy,False,
fold_03,EGFR,fold_03_sample106_EGFR_4zjv_A_to_EGFR_7a6i_A,EGFR_4zjv_A,EGFR_7a6i_A,generated_export_fallback,mapped_klifs_dfg_proxy_alphac,4zjv,A,151.0,76.0,95.0,5.655946731567383,14.081999778747559,6.829297065734863,13.830592155456543,5.832372188568115,17.259660720825195,True,False,closer_to_active_target_than_inactive_proxy,False,
fold_03,EGFR,fold_03_sample107_EGFR_5x2f_B_to_EGFR_7b85_A,EGFR_5x2f_B,EGFR_7b85_A,generated_export_fallback,mapped_klifs_dfg_proxy_alphac,5x2f,B,156.0,81.0,100.0,4.429061412811279,13.304357528686523,6.782169342041016,12.849063873291016,6.186197757720947,14.727668762207031,True,False,closer_to_active_target_than_inactive_proxy,False,
fold_03,EGFR,fold_03_sample108_EGFR_7ltx_A_to_EGFR_7er2_A,EGFR_7ltx_A,EGFR_7er2_A,generated_export_fallback,mapped_klifs_dfg_proxy_alphac,7ltx,A,155.0,80.0,99.0,4.491019248962402,15.425844192504883,7.6701579093933105,16.50910186767578,7.000036716461182,14.901936531066895,True,True,closer_to_active_target_than_inactive_proxy,True,
fold_03,EGFR,fold_03_sample109_EGFR_1xkk_A_to_EGFR_7vra_A,EGFR_1xkk_A,EGFR_7vra_A,generated_export_fallback,mapped_klifs_dfg_proxy_alphac,1xkk,A,145.0,70.0,89.0,1.7791447639465332,14.04642391204834,5.7231268882751465,13.727801322937012,14.873576164245605,14.615874290466309,False,False,closer_to_active_target_than_inactive_proxy,False,
fold_03,EGFR,fold_03_sample110_EGFR_5x2f_B_to_EGFR_7vre_A,EGFR_5x2f_B,EGFR_7vre_A,generated_export_fallback,mapped_klifs_dfg_proxy_alphac,5x2f,B,156.0,81.0,100.0,4.429061412811279,13.304357528686523,6.782169342041016,12.849063873291016,6.777300834655762,15.860797882080078,True,False,closer_to_active_target_than_inactive_proxy,False,
fold_03,EGFR,fold_03_sample111_EGFR_6p8q_A_to_EGFR_8d73_A,EGFR_6p8q_A,EGFR_8d73_A,generated_export_fallback,mapped_klifs_dfg_proxy_alphac,6p8q,A,156.0,81.0,100.0,4.543442726135254,14.44112777709961,6.556490421295166,14.84760570526123,7.8911943435668945,15.036203384399414,False,False,closer_to_active_target_than_inactive_proxy,False,
fold_03,EGFR,fold_03_sample112_EGFR_5x2f_B_to_EGFR_8d76_A,EGFR_5x2f_B,EGFR_8d76_A,generated_export_fallback,mapped_klifs_dfg_proxy_alphac,5x2f,B,156.0,81.0,100.0,4.429061412811279,13.304357528686523,6.782169342041016,12.849063873291016,7.81332540512085,14.767542839050293,False,False,closer_to_active_target_than_inactive_proxy,False,
fold_03,EGFR,fold_03_sample113_EGFR_6p8q_A_to_EGFR_7t4i_A,EGFR_6p8q_A,EGFR_7t4i_A,generated_export_fallback,mapped_klifs_dfg_proxy_alphac,6p8q,A,156.0,81.0,100.0,4.543442726135254,14.44112777709961,6.556490421295166,14.84760570526123,6.048661231994629,17.564287185668945,True,False,closer_to_active_target_than_inactive_proxy,False,
fold_03,EGFR,fold_03_sample114_EGFR_3gt8_C_to_EGFR_7u9a_A,EGFR_3gt8_C,EGFR_7u9a_A,generated_export_fallback,mapped_klifs_dfg_proxy_alphac,3gt8,C,156.0,81.0,100.0,3.861452341079712,14.335029602050781,6.92629861831665,14.662968635559082,5.89213752746582,15.96774673461914,True,False,closer_to_active_target_than_inactive_proxy,False,
fold_03,EGFR,fold_03_sample115_EGFR_7jxi_A_to_EGFR_7ukv_A,EGFR_7jxi_A,EGFR_7ukv_A,generated_export_fallback,mapped_klifs_dfg_proxy_alphac,7jxi,A,155.0,80.0,99.0,4.178797245025635,15.489014625549316,8.293212890625,16.659299850463867,8.019582748413086,14.776689529418945,True,True,closer_to_active_target_than_inactive_proxy,True,
fold_03,EGFR,fold_03_sample116_EGFR_5hg7_A_to_EGFR_7t4j_A,EGFR_5hg7_A,EGFR_7t4j_A,generated_export_fallback,mapped_klifs_dfg_proxy_alphac,5hg7,A,150.0,75.0,94.0,4.440113067626953,15.384112358093262,6.547244548797607,15.31528091430664,5.884605407714844,14.903629302978516,True,False,closer_to_active_target_than_inactive_proxy,False,
fold_03,EGFR,fold_03_sample117_EGFR_8a2a_A_to_EGFR_7u99_A,EGFR_8a2a_A,EGFR_7u99_A,generated_export_fallback,mapped_klifs_dfg_proxy_alphac,8a2a,A,155.0,80.0,99.0,2.4234535694122314,13.740829467773438,5.818398952484131,14.190594673156738,15.947063446044922,17.062416076660156,False,False,closer_to_active_target_than_inactive_proxy,False,
fold_03,EGFR,fold_03_sample118_EGFR_8a2a_A_to_EGFR_7zyp_A,EGFR_8a2a_A,EGFR_7zyp_A,generated_export_fallback,mapped_klifs_dfg_proxy_alphac,8a2a,A,155.0,80.0,99.0,2.4234535694122314,13.740829467773438,5.818398952484131,14.190594673156738,13.019749641418457,17.6820125579834,False,False,closer_to_active_target_than_inactive_proxy,False,
fold_03,EGFR,fold_03_sample119_EGFR_5x2a_B_to_EGFR_7zym_A,EGFR_5x2a_B,EGFR_7zym_A,generated_export_fallback,mapped_klifs_dfg_proxy_alphac,5x2a,B,155.0,80.0,99.0,4.888639450073242,13.300363540649414,6.775956153869629,13.027935981750488,5.956942081451416,15.838861465454102,True,False,closer_to_active_target_than_inactive_proxy,False,
fold_03,EGFR,fold_03_sample120_EGFR_3w32_A_to_EGFR_7zyn_A,EGFR_3w32_A,EGFR_7zyn_A,generated_export_fallback,mapped_klifs_dfg_proxy_alphac,3w32,A,154.0,79.0,98.0,2.957728385925293,12.81297779083252,4.205108165740967,12.247540473937988,5.88230037689209,16.095905303955078,False,False,closer_to_active_target_than_inactive_proxy,False,
fold_03,EGFR,fold_03_sample121_EGFR_5hg7_A_to_EGFR_8g63_A,EGFR_5hg7_A,EGFR_8g63_A,generated_export_fallback,mapped_klifs_dfg_proxy_alphac,5hg7,A,150.0,75.0,94.0,4.440113067626953,15.384112358093262,6.547244548797607,15.31528091430664,5.937729835510254,18.585824966430664,True,False,closer_to_active_target_than_inactive_proxy,False,
fold_03,EGFR,fold_03_sample122_EGFR_3ika_B_to_EGFR_8f1z_A,EGFR_3ika_B,EGFR_8f1z_A,generated_export_fallback,mapped_klifs_dfg_proxy_alphac,3ika,B,158.0,83.0,102.0,4.2338690757751465,13.913187026977539,5.192743301391602,14.0128755569458,6.108365058898926,16.159168243408203,False,False,closer_to_active_target_than_inactive_proxy,False,
fold_03,EGFR,fold_03_sample123_EGFR_3poz_A_to_EGFR_8f1y_A,EGFR_3poz_A,EGFR_8f1y_A,generated_export_fallback,mapped_klifs_dfg_proxy_alphac,3poz,A,143.0,68.0,87.0,2.4406797885894775,13.671225547790527,5.364936351776123,13.253843307495117,15.142929077148438,14.774113655090332,False,False,closer_to_active_target_than_inactive_proxy,False,
fold_03,EGFR,fold_03_sample124_EGFR_8fv3_A_to_EGFR_8hy7_A,EGFR_8fv3_A,EGFR_8hy7_A,generated_export_fallback,mapped_klifs_dfg_proxy_alphac,8fv3,A,152.0,77.0,96.0,4.828364372253418,14.462021827697754,6.9188971519470215,14.813112258911133,7.292835235595703,18.600318908691406,False,False,closer_to_active_target_than_inactive_proxy,False,
fold_03,EGFR,fold_03_sample125_EGFR_3w32_A_to_EGFR_8f1x_A,EGFR_3w32_A,EGFR_8f1x_A,generated_export_fallback,mapped_klifs_dfg_proxy_alphac,3w32,A,154.0,79.0,98.0,2.957728385925293,12.81297779083252,4.205108165740967,12.247540473937988,6.229742050170898,17.249425888061523,False,False,closer_to_active_target_than_inactive_proxy,False,
fold_03,EGFR,fold_03_sample126_EGFR_8fv3_A_to_EGFR_8h7x_A,EGFR_8fv3_A,EGFR_8h7x_A,generated_export_fallback,mapped_klifs_dfg_proxy_alphac,8fv3,A,152.0,77.0,96.0,4.828364372253418,14.462021827697754,6.9188971519470215,14.813112258911133,16.28961944580078,16.48468017578125,False,False,closer_to_active_target_than_inactive_proxy,False,
fold_03,EGFR,fold_03_sample127_EGFR_3w2s_A_to_EGFR_8dsw_A,EGFR_3w2s_A,EGFR_8dsw_A,generated_export_fallback,mapped_klifs_dfg_proxy_alphac,3w2s,A,154.0,79.0,98.0,4.2487592697143555,14.120772361755371,7.1764817237854,14.677766799926758,18.617599487304688,16.2189884185791,False,False,closer_to_active_target_than_inactive_proxy,False,
fold_03,EGFR,fold_03_sample128_EGFR_3w2s_A_to_EGFR_8f1h_A,EGFR_3w2s_A,EGFR_8f1h_A,generated_export_fallback,mapped_klifs_dfg_proxy_alphac,3w2s,A,154.0,79.0,98.0,4.2487592697143555,14.120772361755371,7.1764817237854,14.677766799926758,9.976510047912598,17.244338989257812,False,False,closer_to_active_target_than_inactive_proxy,False,
fold_03,EGFR,fold_03_sample129_EGFR_8a2a_A_to_EGFR_8hv9_A,EGFR_8a2a_A,EGFR_8hv9_A,generated_export_fallback,mapped_klifs_dfg_proxy_alphac,8a2a,A,155.0,80.0,99.0,2.4234535694122314,13.740829467773438,5.818398952484131,14.190594673156738,5.781594276428223,16.437524795532227,True,False,closer_to_active_target_than_inactive_proxy,False,
fold_03,EGFR,fold_03_sample130_EGFR_3w2s_A_to_EGFR_8hv6_A,EGFR_3w2s_A,EGFR_8hv6_A,generated_export_fallback,mapped_klifs_dfg_proxy_alphac,3w2s,A,154.0,79.0,98.0,4.2487592697143555,14.120772361755371,7.1764817237854,14.677766799926758,6.324674606323242,18.16649055480957,True,False,closer_to_active_target_than_inactive_proxy,False,
fold_03,EGFR,fold_03_sample131_EGFR_8a2a_A_to_EGFR_8hv5_A,EGFR_8a2a_A,EGFR_8hv5_A,generated_export_fallback,mapped_klifs_dfg_proxy_alphac,8a2a,A,155.0,80.0,99.0,2.4234535694122314,13.740829467773438,5.818398952484131,14.190594673156738,5.794583797454834,16.54119873046875,True,False,closer_to_active_target_than_inactive_proxy,False,
fold_03,EGFR,fold_03_sample132_EGFR_6v6k_B_to_EGFR_8hv7_A,EGFR_6v6k_B,EGFR_8hv7_A,generated_export_fallback,mapped_klifs_dfg_proxy_alphac,6v6k,B,155.0,80.0,99.0,4.984460830688477,14.614094734191895,7.42758846282959,15.420555114746094,5.853532791137695,15.609559059143066,True,False,closer_to_active_target_than_inactive_proxy,False,
fold_03,EGFR,fold_03_sample133_EGFR_3w2s_A_to_EGFR_8hv3_A,EGFR_3w2s_A,EGFR_8hv3_A,generated_export_fallback,mapped_klifs_dfg_proxy_alphac,3w2s,A,154.0,79.0,98.0,4.2487592697143555,14.120772361755371,7.1764817237854,14.677766799926758,6.166977405548096,17.95755958557129,True,False,closer_to_active_target_than_inactive_proxy,False,
fold_03,EGFR,fold_03_sample134_EGFR_8fv3_A_to_EGFR_8hv2_A,EGFR_8fv3_A,EGFR_8hv2_A,generated_export_fallback,mapped_klifs_dfg_proxy_alphac,8fv3,A,152.0,77.0,96.0,4.828364372253418,14.462021827697754,6.9188971519470215,14.813112258911133,7.408896446228027,17.21601676940918,False,False,closer_to_active_target_than_inactive_proxy,False,
fold_03,EGFR,fold_03_sample135_EGFR_6p8q_A_to_EGFR_8hv1_A,EGFR_6p8q_A,EGFR_8hv1_A,generated_export_fallback,mapped_klifs_dfg_proxy_alphac,6p8q,A,156.0,81.0,100.0,4.543442726135254,14.44112777709961,6.556490421295166,14.84760570526123,5.67069673538208,15.977066993713379,True,False,closer_to_active_target_than_inactive_proxy,False,
fold_03,EGFR,fold_03_sample136_EGFR_8a2a_A_to_EGFR_8hv8_A,EGFR_8a2a_A,EGFR_8hv8_A,generated_export_fallback,mapped_klifs_dfg_proxy_alphac,8a2a,A,155.0,80.0,99.0,2.4234535694122314,13.740829467773438,5.818398952484131,14.190594673156738,5.808337211608887,16.46832275390625,True,False,closer_to_active_target_than_inactive_proxy,False,
fold_03,EGFR,fold_03_sample137_EGFR_8fv3_A_to_EGFR_8wd4_A,EGFR_8fv3_A,EGFR_8wd4_A,generated_export_fallback,mapped_klifs_dfg_proxy_alphac,8fv3,A,152.0,77.0,96.0,4.828364372253418,14.462021827697754,6.9188971519470215,14.813112258911133,15.264389991760254,16.623313903808594,False,False,closer_to_active_target_than_inactive_proxy,False,
fold_03,EGFR,fold_03_sample138_EGFR_4i24_B_to_EGFR_8hv4_A,EGFR_4i24_B,EGFR_8hv4_A,generated_export_fallback,mapped_klifs_dfg_proxy_alphac,4i24,B,155.0,80.0,99.0,5.292055606842041,14.24491024017334,7.326839923858643,14.30252456665039,5.082688331604004,16.71660804748535,True,False,closer_to_active_target_than_inactive_proxy,False,
fold_03,EGFR,fold_03_sample139_EGFR_6v6k_B_to_EGFR_8hva_A,EGFR_6v6k_B,EGFR_8hva_A,generated_export_fallback,mapped_klifs_dfg_proxy_alphac,6v6k,B,155.0,80.0,99.0,4.984460830688477,14.614094734191895,7.42758846282959,15.420555114746094,5.617722511291504,15.725543975830078,True,False,closer_to_active_target_than_inactive_proxy,False,
fold_03,EGFR,fold_03_sample140_EGFR_8a2a_A_to_EGFR_8tjl_A,EGFR_8a2a_A,EGFR_8tjl_A,generated_export_fallback,mapped_klifs_dfg_proxy_alphac,8a2a,A,155.0,80.0,99.0,2.4234535694122314,13.740829467773438,5.818398952484131,14.190594673156738,5.709070682525635,17.077299118041992,True,False,closer_to_active_target_than_inactive_proxy,False,
fold_03,EGFR,fold_03_sample141_EGFR_5x2a_B_to_EGFR_8sc7_A,EGFR_5x2a_B,EGFR_8sc7_A,generated_export_fallback,mapped_klifs_dfg_proxy_alphac,5x2a,B,155.0,80.0,99.0,4.888639450073242,13.300363540649414,6.775956153869629,13.027935981750488,9.787334442138672,17.404382705688477,False,False,closer_to_active_target_than_inactive_proxy,False,
fold_03,EGFR,fold_03_sample142_EGFR_6v6k_B_to_EGFR_8kfq_A,EGFR_6v6k_B,EGFR_8kfq_A,generated_export_fallback,mapped_klifs_dfg_proxy_alphac,6v6k,B,155.0,80.0,99.0,4.984460830688477,14.614094734191895,7.42758846282959,15.420555114746094,7.734831809997559,17.341524124145508,False,False,closer_to_active_target_than_inactive_proxy,False,
fold_03,EGFR,fold_03_sample143_EGFR_5uga_A_to_EGFR_7lgs_C,EGFR_5uga_A,EGFR_7lgs_C,generated_export_fallback,mapped_klifs_dfg_proxy_alphac,5uga,A,152.0,77.0,96.0,4.367088317871094,15.312775611877441,6.541810035705566,15.302412033081055,5.778564929962158,16.330150604248047,True,False,closer_to_active_target_than_inactive_proxy,False,
fold_03,EGFR,fold_03_sample144_EGFR_6p8q_A_to_EGFR_4r3r_A,EGFR_6p8q_A,EGFR_4r3r_A,generated_export_fallback,mapped_klifs_dfg_proxy_alphac,6p8q,A,156.0,81.0,100.0,4.543442726135254,14.44112777709961,6.556490421295166,14.84760570526123,6.1908769607543945,18.24898910522461,True,False,closer_to_active_target_than_inactive_proxy,False,
fold_03,EGFR,fold_03_sample145_EGFR_3gt8_C_to_EGFR_5edp_A,EGFR_3gt8_C,EGFR_5edp_A,generated_export_fallback,mapped_klifs_dfg_proxy_alphac,3gt8,C,156.0,81.0,100.0,3.861452341079712,14.335029602050781,6.92629861831665,14.662968635559082,7.914266586303711,18.067583084106445,False,False,closer_to_active_target_than_inactive_proxy,False,
fold_03,EGFR,fold_03_sample146_EGFR_5x2f_B_to_EGFR_2gs6_A,EGFR_5x2f_B,EGFR_2gs6_A,generated_export_fallback,mapped_klifs_dfg_proxy_alphac,5x2f,B,156.0,81.0,100.0,4.429061412811279,13.304357528686523,6.782169342041016,12.849063873291016,7.57883882522583,17.626863479614258,False,False,closer_to_active_target_than_inactive_proxy,False,
fold_03,EGFR,fold_03_sample147_EGFR_3ika_B_to_EGFR_4r3p_A,EGFR_3ika_B,EGFR_4r3p_A,generated_export_fallback,mapped_klifs_dfg_proxy_alphac,3ika,B,158.0,83.0,102.0,4.2338690757751465,13.913187026977539,5.192743301391602,14.0128755569458,5.647710800170898,17.351268768310547,False,False,closer_to_active_target_than_inactive_proxy,False,
fold_03,EGFR,fold_03_sample148_EGFR_3ika_B_to_EGFR_2j5e_A,EGFR_3ika_B,EGFR_2j5e_A,generated_export_fallback,mapped_klifs_dfg_proxy_alphac,3ika,B,158.0,83.0,102.0,4.2338690757751465,13.913187026977539,5.192743301391602,14.0128755569458,5.706317901611328,16.894088745117188,False,False,closer_to_active_target_than_inactive_proxy,False,
fold_03,EGFR,fold_03_sample149_EGFR_7ltx_A_to_EGFR_7tvd_A,EGFR_7ltx_A,EGFR_7tvd_A,generated_export_fallback,mapped_klifs_dfg_proxy_alphac,7ltx,A,155.0,80.0,99.0,4.491019248962402,15.425844192504883,7.6701579093933105,16.50910186767578,8.86994743347168,17.815288543701172,False,False,closer_to_active_target_than_inactive_proxy,False,
fold_03,EGFR,fold_03_sample150_EGFR_3ika_B_to_EGFR_5czi_A,EGFR_3ika_B,EGFR_5czi_A,generated_export_fallback,mapped_klifs_dfg_proxy_alphac,3ika,B,158.0,83.0,102.0,4.2338690757751465,13.913187026977539,5.192743301391602,14.0128755569458,5.75028657913208,17.56103515625,False,False,closer_to_active_target_than_inactive_proxy,False,
fold_03,EGFR,fold_03_sample151_EGFR_3w2s_A_to_EGFR_4tks_A,EGFR_3w2s_A,EGFR_4tks_A,generated_export_fallback,mapped_klifs_dfg_proxy_alphac,3w2s,A,154.0,79.0,98.0,4.2487592697143555,14.120772361755371,7.1764817237854,14.677766799926758,5.465488910675049,16.95073127746582,True,False,closer_to_active_target_than_inactive_proxy,False,
fold_03,EGFR,fold_03_sample152_EGFR_5x2f_B_to_EGFR_5czh_A,EGFR_5x2f_B,EGFR_5czh_A,generated_export_fallback,mapped_klifs_dfg_proxy_alphac,5x2f,B,156.0,81.0,100.0,4.429061412811279,13.304357528686523,6.782169342041016,12.849063873291016,7.673535346984863,18.145923614501953,False,False,closer_to_active_target_than_inactive_proxy,False,
fold_03,EGFR,fold_03_sample153_EGFR_5hg7_A_to_EGFR_7si1_A,EGFR_5hg7_A,EGFR_7si1_A,generated_export_fallback,mapped_klifs_dfg_proxy_alphac,5hg7,A,150.0,75.0,94.0,4.440113067626953,15.384112358093262,6.547244548797607,15.31528091430664,16.705425262451172,15.721911430358887,False,False,closer_to_active_target_than_inactive_proxy,False,
fold_03,EGFR,fold_03_sample154_EGFR_3gt8_C_to_EGFR_3ug1_A,EGFR_3gt8_C,EGFR_3ug1_A,generated_export_fallback,mapped_klifs_dfg_proxy_alphac,3gt8,C,156.0,81.0,100.0,3.861452341079712,14.335029602050781,6.92629861831665,14.662968635559082,13.061641693115234,15.994949340820312,False,False,closer_to_active_target_than_inactive_proxy,False,
fold_03,EGFR,fold_03_sample155_EGFR_8a2a_A_to_EGFR_2gs2_A,EGFR_8a2a_A,EGFR_2gs2_A,generated_export_fallback,mapped_klifs_dfg_proxy_alphac,8a2a,A,155.0,80.0,99.0,2.4234535694122314,13.740829467773438,5.818398952484131,14.190594673156738,5.62595796585083,17.232921600341797,True,False,closer_to_active_target_than_inactive_proxy,False,
fold_03,EGFR,fold_03_sample156_EGFR_3w2s_A_to_EGFR_1m14_A,EGFR_3w2s_A,EGFR_1m14_A,generated_export_fallback,mapped_klifs_dfg_proxy_alphac,3w2s,A,154.0,79.0,98.0,4.2487592697143555,14.120772361755371,7.1764817237854,14.677766799926758,13.02021312713623,17.51361656188965,False,False,closer_to_active_target_than_inactive_proxy,False,
fold_03,EGFR,fold_03_sample157_EGFR_7jxi_A_to_EGFR_4wrg_A,EGFR_7jxi_A,EGFR_4wrg_A,generated_export_fallback,mapped_klifs_dfg_proxy_alphac,7jxi,A,155.0,80.0,99.0,4.178797245025635,15.489014625549316,8.293212890625,16.659299850463867,15.802472114562988,16.80109214782715,False,False,closer_to_active_target_than_inactive_proxy,False,
fold_03,EGFR,fold_03_sample158_EGFR_8fv3_A_to_EGFR_2jit_A,EGFR_8fv3_A,EGFR_2jit_A,generated_export_fallback,mapped_klifs_dfg_proxy_alphac,8fv3,A,152.0,77.0,96.0,4.828364372253418,14.462021827697754,6.9188971519470215,14.813112258911133,17.92572593688965,15.61047077178955,False,False,closer_to_active_target_than_inactive_proxy,False,
fold_03,EGFR,fold_03_sample159_EGFR_8a2a_A_to_EGFR_2eb2_A,EGFR_8a2a_A,EGFR_2eb2_A,generated_export_fallback,mapped_klifs_dfg_proxy_alphac,8a2a,A,155.0,80.0,99.0,2.4234535694122314,13.740829467773438,5.818398952484131,14.190594673156738,5.521640777587891,16.118515014648438,True,False,closer_to_active_target_than_inactive_proxy,False,
fold_04,FGFR1,fold_04_sample0_FGFR1_4v01_B_to_FGFR1_4f64_A,FGFR1_4v01_B,FGFR1_4f64_A,generated_export_fallback,unmapped,,,,,,,,,,,,,,,,no DFG/alphaC proxy mapping available
fold_04,FGFR1,fold_04_sample1_FGFR1_4v04_A_to_FGFR1_5a46_B,FGFR1_4v04_A,FGFR1_5a46_B,generated_export_fallback,mapped_proxy,4v04,A,173.0,98.0,117.0,5.198700428009033,17.452007293701172,9.618693351745605,16.4888858795166,9.137312889099121,11.939159393310547,True,False,closer_to_active_target_than_inactive_proxy,False,
fold_04,FGFR1,fold_04_sample2_FGFR1_4v01_B_to_FGFR1_4f65_A,FGFR1_4v01_B,FGFR1_4f65_A,generated_export_fallback,unmapped,,,,,,,,,,,,,,,,no DFG/alphaC proxy mapping available
fold_04,FGFR1,fold_04_sample3_FGFR1_4v01_B_to_FGFR1_4rwk_B,FGFR1_4v01_B,FGFR1_4rwk_B,generated_export_fallback,unmapped,,,,,,,,,,,,,,,,no DFG/alphaC proxy mapping available
fold_04,FGFR1,fold_04_sample4_FGFR1_4v01_B_to_FGFR1_1agw_B,FGFR1_4v01_B,FGFR1_1agw_B,generated_export_fallback,unmapped,,,,,,,,,,,,,,,,no DFG/alphaC proxy mapping available
fold_04,FGFR1,fold_04_sample5_FGFR1_4v04_A_to_FGFR1_5am7_B,FGFR1_4v04_A,FGFR1_5am7_B,generated_export_fallback,mapped_proxy,4v04,A,173.0,98.0,117.0,5.198700428009033,17.452007293701172,9.618693351745605,16.4888858795166,12.554471015930176,12.170659065246582,False,False,closer_to_active_target_than_inactive_proxy,False,
fold_04,FGFR1,fold_04_sample6_FGFR1_4v01_B_to_FGFR1_2fgi_A,FGFR1_4v01_B,FGFR1_2fgi_A,generated_export_fallback,unmapped,,,,,,,,,,,,,,,,no DFG/alphaC proxy mapping available
fold_04,FGFR1,fold_04_sample7_FGFR1_4v01_B_to_FGFR1_4wun_A,FGFR1_4v01_B,FGFR1_4wun_A,generated_export_fallback,unmapped,,,,,,,,,,,,,,,,no DFG/alphaC proxy mapping available
fold_04,FGFR1,fold_04_sample8_FGFR1_4v01_B_to_FGFR1_4nks_B,FGFR1_4v01_B,FGFR1_4nks_B,generated_export_fallback,unmapped,,,,,,,,,,,,,,,,no DFG/alphaC proxy mapping available
fold_04,FGFR1,fold_04_sample9_FGFR1_4v01_B_to_FGFR1_4zsa_B,FGFR1_4v01_B,FGFR1_4zsa_B,generated_export_fallback,unmapped,,,,,,,,,,,,,,,,no DFG/alphaC proxy mapping available
fold_04,FGFR1,fold_04_sample10_FGFR1_4v01_B_to_FGFR1_4nk9_B,FGFR1_4v01_B,FGFR1_4nk9_B,generated_export_fallback,unmapped,,,,,,,,,,,,,,,,no DFG/alphaC proxy mapping available
fold_04,FGFR1,fold_04_sample11_FGFR1_4v04_A_to_FGFR1_3c4f_A,FGFR1_4v04_A,FGFR1_3c4f_A,generated_export_fallback,mapped_proxy,4v04,A,173.0,98.0,117.0,5.198700428009033,17.452007293701172,9.618693351745605,16.4888858795166,14.945300102233887,16.680923461914062,False,True,closer_to_active_target_than_inactive_proxy,False,
fold_04,FGFR1,fold_04_sample12_FGFR1_4v01_B_to_FGFR1_3gql_C,FGFR1_4v01_B,FGFR1_3gql_C,generated_export_fallback,unmapped,,,,,,,,,,,,,,,,no DFG/alphaC proxy mapping available
fold_04,FGFR1,fold_04_sample13_FGFR1_4v04_A_to_FGFR1_4rwj_A,FGFR1_4v04_A,FGFR1_4rwj_A,generated_export_fallback,mapped_proxy,4v04,A,173.0,98.0,117.0,5.198700428009033,17.452007293701172,9.618693351745605,16.4888858795166,12.110183715820312,12.279378890991211,False,False,closer_to_active_target_than_inactive_proxy,False,
fold_04,FGFR1,fold_04_sample14_FGFR1_4v01_B_to_FGFR1_5am6_B,FGFR1_4v01_B,FGFR1_5am6_B,generated_export_fallback,unmapped,,,,,,,,,,,,,,,,no DFG/alphaC proxy mapping available
fold_04,FGFR1,fold_04_sample15_FGFR1_4v01_B_to_FGFR1_3rhx_B,FGFR1_4v01_B,FGFR1_3rhx_B,generated_export_fallback,unmapped,,,,,,,,,,,,,,,,no DFG/alphaC proxy mapping available
fold_04,FGFR1,fold_04_sample16_FGFR1_4v04_A_to_FGFR1_3js2_A,FGFR1_4v04_A,FGFR1_3js2_A,generated_export_fallback,mapped_proxy,4v04,A,173.0,98.0,117.0,5.198700428009033,17.452007293701172,9.618693351745605,16.4888858795166,11.432550430297852,15.74349594116211,False,False,closer_to_active_target_than_inactive_proxy,False,
fold_04,FGFR1,fold_04_sample17_FGFR1_4v04_A_to_FGFR1_4v05_A,FGFR1_4v04_A,FGFR1_4v05_A,generated_export_fallback,mapped_proxy,4v04,A,173.0,98.0,117.0,5.198700428009033,17.452007293701172,9.618693351745605,16.4888858795166,14.058090209960938,15.986115455627441,False,False,closer_to_active_target_than_inactive_proxy,False,
fold_04,FGFR1,fold_04_sample18_FGFR1_4v01_B_to_FGFR1_3wj6_B,FGFR1_4v01_B,FGFR1_3wj6_B,generated_export_fallback,unmapped,,,,,,,,,,,,,,,,no DFG/alphaC proxy mapping available
fold_04,FGFR1,fold_04_sample19_FGFR1_4v04_A_to_FGFR1_4nka_B,FGFR1_4v04_A,FGFR1_4nka_B,generated_export_fallback,mapped_proxy,4v04,A,173.0,98.0,117.0,5.198700428009033,17.452007293701172,9.618693351745605,16.4888858795166,13.820361137390137,13.138556480407715,False,False,closer_to_active_target_than_inactive_proxy,False,
fold_04,FGFR1,fold_04_sample20_FGFR1_4v04_A_to_FGFR1_5a4c_B,FGFR1_4v04_A,FGFR1_5a4c_B,generated_export_fallback,mapped_proxy,4v04,A,173.0,98.0,117.0,5.198700428009033,17.452007293701172,9.618693351745605,16.4888858795166,13.33923625946045,14.211735725402832,False,False,closer_to_active_target_than_inactive_proxy,False,
fold_04,FGFR1,fold_04_sample21_FGFR1_4v04_A_to_FGFR1_3gqi_A,FGFR1_4v04_A,FGFR1_3gqi_A,generated_export_fallback,mapped_proxy,4v04,A,173.0,98.0,117.0,5.198700428009033,17.452007293701172,9.618693351745605,16.4888858795166,9.61925983428955,20.491600036621094,False,False,closer_to_active_target_than_inactive_proxy,False,
fold_04,FGFR1,fold_04_sample22_FGFR1_4v01_B_to_FGFR1_3tt0_B,FGFR1_4v01_B,FGFR1_3tt0_B,generated_export_fallback,unmapped,,,,,,,,,,,,,,,,no DFG/alphaC proxy mapping available
fold_04,FGFR1,fold_04_sample23_FGFR1_4v01_B_to_FGFR1_4f63_B,FGFR1_4v01_B,FGFR1_4f63_B,generated_export_fallback,unmapped,,,,,,,,,,,,,,,,no DFG/alphaC proxy mapping available
fold_04,FGFR1,fold_04_sample24_FGFR1_4v01_B_to_FGFR1_1fgi_B,FGFR1_4v01_B,FGFR1_1fgi_B,generated_export_fallback,unmapped,,,,,,,,,,,,,,,,no DFG/alphaC proxy mapping available
fold_04,FGFR1,fold_04_sample25_FGFR1_4v04_A_to_FGFR1_4uwc_B,FGFR1_4v04_A,FGFR1_4uwc_B,generated_export_fallback,mapped_proxy,4v04,A,173.0,98.0,117.0,5.198700428009033,17.452007293701172,9.618693351745605,16.4888858795166,10.09107780456543,13.950450897216797,False,False,closer_to_active_target_than_inactive_proxy,False,
fold_04,FGFR1,fold_04_sample26_FGFR1_4v04_A_to_FGFR1_4uwb_A,FGFR1_4v04_A,FGFR1_4uwb_A,generated_export_fallback,mapped_proxy,4v04,A,173.0,98.0,117.0,5.198700428009033,17.452007293701172,9.618693351745605,16.4888858795166,5.494604587554932,16.451541900634766,True,False,closer_to_active_target_than_inactive_proxy,False,
fold_04,FGFR1,fold_04_sample27_FGFR1_4v04_A_to_FGFR1_5ew8_B,FGFR1_4v04_A,FGFR1_5ew8_B,generated_export_fallback,mapped_proxy,4v04,A,173.0,98.0,117.0,5.198700428009033,17.452007293701172,9.618693351745605,16.4888858795166,15.8187894821167,12.86715316772461,False,False,closer_to_active_target_than_inactive_proxy,False,
fold_04,FGFR1,fold_04_sample28_FGFR1_4v01_B_to_FGFR1_5b7v_A,FGFR1_4v01_B,FGFR1_5b7v_A,generated_export_fallback,unmapped,,,,,,,,,,,,,,,,no DFG/alphaC proxy mapping available
fold_04,FGFR1,fold_04_sample29_FGFR1_4v01_B_to_FGFR1_5uq0_B,FGFR1_4v01_B,FGFR1_5uq0_B,generated_export_fallback,unmapped,,,,,,,,,,,,,,,,no DFG/alphaC proxy mapping available
fold_04,FGFR1,fold_04_sample30_FGFR1_4v04_A_to_FGFR1_5vnd_A,FGFR1_4v04_A,FGFR1_5vnd_A,generated_export_fallback,mapped_proxy,4v04,A,173.0,98.0,117.0,5.198700428009033,17.452007293701172,9.618693351745605,16.4888858795166,12.843015670776367,16.25979995727539,False,False,closer_to_active_target_than_inactive_proxy,False,
fold_04,FGFR1,fold_04_sample31_FGFR1_4v01_B_to_FGFR1_5ur1_A,FGFR1_4v01_B,FGFR1_5ur1_A,generated_export_fallback,unmapped,,,,,,,,,,,,,,,,no DFG/alphaC proxy mapping available
fold_04,FGFR1,fold_04_sample32_FGFR1_4v04_A_to_FGFR1_5o4a_B,FGFR1_4v04_A,FGFR1_5o4a_B,generated_export_fallback,mapped_proxy,4v04,A,173.0,98.0,117.0,5.198700428009033,17.452007293701172,9.618693351745605,16.4888858795166,9.647348403930664,12.727383613586426,False,False,closer_to_active_target_than_inactive_proxy,False,
fold_04,FGFR1,fold_04_sample33_FGFR1_4v04_A_to_FGFR1_5o49_B,FGFR1_4v04_A,FGFR1_5o49_B,generated_export_fallback,mapped_proxy,4v04,A,173.0,98.0,117.0,5.198700428009033,17.452007293701172,9.618693351745605,16.4888858795166,13.021398544311523,15.120096206665039,False,False,closer_to_active_target_than_inactive_proxy,False,
fold_04,FGFR1,fold_04_sample34_FGFR1_4v04_A_to_FGFR1_5zv2_A,FGFR1_4v04_A,FGFR1_5zv2_A,generated_export_fallback,mapped_proxy,4v04,A,173.0,98.0,117.0,5.198700428009033,17.452007293701172,9.618693351745605,16.4888858795166,13.257619857788086,16.62672996520996,False,True,closer_to_active_target_than_inactive_proxy,False,
fold_04,FGFR1,fold_04_sample35_FGFR1_4v01_B_to_FGFR1_6mzw_B,FGFR1_4v01_B,FGFR1_6mzw_B,generated_export_fallback,unmapped,,,,,,,,,,,,,,,,no DFG/alphaC proxy mapping available
fold_04,FGFR1,fold_04_sample36_FGFR1_4v04_A_to_FGFR1_5z0s_A,FGFR1_4v04_A,FGFR1_5z0s_A,generated_export_fallback,mapped_proxy,4v04,A,173.0,98.0,117.0,5.198700428009033,17.452007293701172,9.618693351745605,16.4888858795166,11.546136856079102,18.68898582458496,False,False,closer_to_active_target_than_inactive_proxy,False,
fold_04,FGFR1,fold_04_sample37_FGFR1_4v01_B_to_FGFR1_6c19_A,FGFR1_4v01_B,FGFR1_6c19_A,generated_export_fallback,unmapped,,,,,,,,,,,,,,,,no DFG/alphaC proxy mapping available
fold_04,FGFR1,fold_04_sample38_FGFR1_4v01_B_to_FGFR1_6c1b_A,FGFR1_4v01_B,FGFR1_6c1b_A,generated_export_fallback,unmapped,,,,,,,,,,,,,,,,no DFG/alphaC proxy mapping available
fold_04,FGFR1,fold_04_sample39_FGFR1_4v01_B_to_FGFR1_6c1c_A,FGFR1_4v01_B,FGFR1_6c1c_A,generated_export_fallback,unmapped,,,,,,,,,,,,,,,,no DFG/alphaC proxy mapping available
fold_04,FGFR1,fold_04_sample40_FGFR1_4v01_B_to_FGFR1_6c18_B,FGFR1_4v01_B,FGFR1_6c18_B,generated_export_fallback,unmapped,,,,,,,,,,,,,,,,no DFG/alphaC proxy mapping available
fold_04,FGFR1,fold_04_sample41_FGFR1_4v01_B_to_FGFR1_6c1o_A,FGFR1_4v01_B,FGFR1_6c1o_A,generated_export_fallback,unmapped,,,,,,,,,,,,,,,,no DFG/alphaC proxy mapping available
fold_04,FGFR1,fold_04_sample42_FGFR1_4v01_B_to_FGFR1_6mzq_B,FGFR1_4v01_B,FGFR1_6mzq_B,generated_export_fallback,unmapped,,,,,,,,,,,,,,,,no DFG/alphaC proxy mapping available
fold_04,FGFR1,fold_04_sample43_FGFR1_4v04_A_to_FGFR1_6p69_B,FGFR1_4v04_A,FGFR1_6p69_B,generated_export_fallback,mapped_proxy,4v04,A,173.0,98.0,117.0,5.198700428009033,17.452007293701172,9.618693351745605,16.4888858795166,13.446261405944824,18.010385513305664,False,True,closer_to_active_target_than_inactive_proxy,False,
fold_04,FGFR1,fold_04_sample44_FGFR1_4v04_A_to_FGFR1_6p68_A,FGFR1_4v04_A,FGFR1_6p68_A,generated_export_fallback,mapped_proxy,4v04,A,173.0,98.0,117.0,5.198700428009033,17.452007293701172,9.618693351745605,16.4888858795166,14.279219627380371,13.680383682250977,False,False,closer_to_active_target_than_inactive_proxy,False,
fold_04,FGFR1,fold_04_sample45_FGFR1_4v01_B_to_FGFR1_6nvl_C,FGFR1_4v01_B,FGFR1_6nvl_C,generated_export_fallback,unmapped,,,,,,,,,,,,,,,,no DFG/alphaC proxy mapping available
fold_04,FGFR1,fold_04_sample46_FGFR1_4v04_A_to_FGFR1_6itj_B,FGFR1_4v04_A,FGFR1_6itj_B,generated_export_fallback,mapped_proxy,4v04,A,173.0,98.0,117.0,5.198700428009033,17.452007293701172,9.618693351745605,16.4888858795166,9.117640495300293,10.512712478637695,True,False,closer_to_active_target_than_inactive_proxy,False,
fold_04,FGFR1,fold_04_sample47_FGFR1_4v01_B_to_FGFR1_7ozd_A,FGFR1_4v01_B,FGFR1_7ozd_A,generated_export_fallback,unmapped,,,,,,,,,,,,,,,,no DFG/alphaC proxy mapping available
fold_04,FGFR1,fold_04_sample48_FGFR1_4v04_A_to_FGFR1_7ozb_A,FGFR1_4v04_A,FGFR1_7ozb_A,generated_export_fallback,mapped_proxy,4v04,A,173.0,98.0,117.0,5.198700428009033,17.452007293701172,9.618693351745605,16.4888858795166,11.738245010375977,21.468994140625,False,False,closer_to_active_target_than_inactive_proxy,False,
fold_04,FGFR1,fold_04_sample49_FGFR1_4v04_A_to_FGFR1_7ozf_A,FGFR1_4v04_A,FGFR1_7ozf_A,generated_export_fallback,mapped_proxy,4v04,A,173.0,98.0,117.0,5.198700428009033,17.452007293701172,9.618693351745605,16.4888858795166,13.973438262939453,15.991921424865723,False,False,closer_to_active_target_than_inactive_proxy,False,
fold_04,FGFR1,fold_04_sample50_FGFR1_4v04_A_to_FGFR1_7wcl_A,FGFR1_4v04_A,FGFR1_7wcl_A,generated_export_fallback,mapped_proxy,4v04,A,173.0,98.0,117.0,5.198700428009033,17.452007293701172,9.618693351745605,16.4888858795166,18.133563995361328,12.836549758911133,False,False,closer_to_active_target_than_inactive_proxy,False,
fold_04,FGFR1,fold_04_sample51_FGFR1_4v04_A_to_FGFR1_8jmz_A,FGFR1_4v04_A,FGFR1_8jmz_A,generated_export_fallback,mapped_proxy,4v04,A,173.0,98.0,117.0,5.198700428009033,17.452007293701172,9.618693351745605,16.4888858795166,18.982664108276367,13.363187789916992,False,False,closer_to_active_target_than_inactive_proxy,False,
fold_04,FGFR1,fold_04_sample52_FGFR1_4v01_B_to_FGFR1_4rwl_A,FGFR1_4v01_B,FGFR1_4rwl_A,generated_export_fallback,unmapped,,,,,,,,,,,,,,,,no DFG/alphaC proxy mapping available
fold_04,FGFR1,fold_04_sample53_FGFR1_4v01_B_to_FGFR1_4rwi_B,FGFR1_4v01_B,FGFR1_4rwi_B,generated_export_fallback,unmapped,,,,,,,,,,,,,,,,no DFG/alphaC proxy mapping available
fold_04,FGFR1,fold_04_sample54_FGFR1_4v04_A_to_FGFR1_5flf_B,FGFR1_4v04_A,FGFR1_5flf_B,generated_export_fallback,mapped_proxy,4v04,A,173.0,98.0,117.0,5.198700428009033,17.452007293701172,9.618693351745605,16.4888858795166,10.803828239440918,15.88696002960205,False,False,closer_to_active_target_than_inactive_proxy,False,
fold_04,FGFR1,fold_04_sample55_FGFR1_4v01_B_to_FGFR1_3ky2_B,FGFR1_4v01_B,FGFR1_3ky2_B,generated_export_fallback,unmapped,,,,,,,,,,,,,,,,no DFG/alphaC proxy mapping available
fold_04,FGFR1,fold_04_sample56_FGFR1_4v01_B_to_FGFR1_1fgk_A,FGFR1_4v01_B,FGFR1_1fgk_A,generated_export_fallback,unmapped,,,,,,,,,,,,,,,,no DFG/alphaC proxy mapping available
fold_04,FGFR1,fold_04_sample57_FGFR1_4v04_A_to_FGFR1_3kxx_C,FGFR1_4v04_A,FGFR1_3kxx_C,generated_export_fallback,mapped_proxy,4v04,A,173.0,98.0,117.0,5.198700428009033,17.452007293701172,9.618693351745605,16.4888858795166,16.605867385864258,16.295276641845703,False,False,closer_to_active_target_than_inactive_proxy,False,
fold_04,FGFR1,fold_04_sample58_FGFR1_4v01_B_to_FGFR1_4uwy_B,FGFR1_4v01_B,FGFR1_4uwy_B,generated_export_fallback,unmapped,,,,,,,,,,,,,,,,no DFG/alphaC proxy mapping available
fold_05,KIT,fold_05_sample0_KIT_6gqm_B_to_KIT_1pkg_B,KIT_6gqm_B,KIT_1pkg_B,generated_export_fallback,mapped_klifs_dfg_proxy_alphac,6gqm,B,166.0,91.0,110.0,3.89034366607666,13.049757957458496,5.575667858123779,11.603381156921387,14.376269340515137,17.248409271240234,False,False,closer_to_active_target_than_inactive_proxy,False,
fold_05,KIT,fold_05_sample1_KIT_3g0f_A_to_KIT_7khk_A,KIT_3g0f_A,KIT_7khk_A,generated_export_fallback,mapped_klifs_dfg_proxy_alphac,3g0f,A,170.0,95.0,114.0,4.234273433685303,14.609582901000977,6.220501899719238,14.100950241088867,5.360762119293213,14.090424537658691,True,False,closer_to_active_target_than_inactive_proxy,False,
fold_05,KIT,fold_05_sample2_KIT_6gqm_B_to_KIT_7khj_A,KIT_6gqm_B,KIT_7khj_A,generated_export_fallback,mapped_klifs_dfg_proxy_alphac,6gqm,B,166.0,91.0,110.0,3.89034366607666,13.049757957458496,5.575667858123779,11.603381156921387,6.061445236206055,14.846428871154785,False,False,closer_to_active_target_than_inactive_proxy,False,
fold_05,KIT,fold_05_sample3_KIT_6xv9_B_to_KIT_8pqg_A,KIT_6xv9_B,KIT_8pqg_A,generated_export_fallback,mapped_klifs_dfg_proxy_alphac,6xv9,B,170.0,95.0,114.0,3.3321728706359863,11.91303825378418,5.532553195953369,10.939556121826172,12.55659294128418,14.678582191467285,False,False,closer_to_active_target_than_inactive_proxy,False,
fold_05,KIT,fold_05_sample4_KIT_4u0i_A_to_KIT_8pqd_A,KIT_4u0i_A,KIT_8pqd_A,generated_export_fallback,mapped_klifs_dfg_proxy_alphac,4u0i,A,173.0,98.0,117.0,3.5703752040863037,12.72185230255127,5.531574249267578,10.83483600616455,5.958282470703125,13.726460456848145,False,True,closer_to_active_target_than_inactive_proxy,False,
fold_05,KIT,fold_05_sample5_KIT_6gqk_B_to_KIT_8pqa_A,KIT_6gqk_B,KIT_8pqa_A,generated_export_fallback,mapped_klifs_dfg_proxy_alphac,6gqk,B,171.0,96.0,115.0,3.9215269088745117,12.945207595825195,5.744781017303467,11.741960525512695,5.462865352630615,14.54472541809082,True,False,closer_to_active_target_than_inactive_proxy,False,
fold_05,KIT,fold_05_sample6_KIT_6gqk_B_to_KIT_8pqf_A,KIT_6gqk_B,KIT_8pqf_A,generated_export_fallback,mapped_klifs_dfg_proxy_alphac,6gqk,B,171.0,96.0,115.0,3.9215269088745117,12.945207595825195,5.744781017303467,11.741960525512695,7.523628234863281,14.08079719543457,False,True,closer_to_active_target_than_inactive_proxy,False,
fold_05,KIT,fold_05_sample7_KIT_4u0i_A_to_KIT_8pq9_A,KIT_4u0i_A,KIT_8pq9_A,generated_export_fallback,mapped_klifs_dfg_proxy_alphac,4u0i,A,173.0,98.0,117.0,3.5703752040863037,12.72185230255127,5.531574249267578,10.83483600616455,5.465619087219238,13.853548049926758,True,True,closer_to_active_target_than_inactive_proxy,True,
fold_05,KIT,fold_05_sample8_KIT_6gqm_B_to_KIT_8pqb_A,KIT_6gqm_B,KIT_8pqb_A,generated_export_fallback,mapped_klifs_dfg_proxy_alphac,6gqm,B,166.0,91.0,110.0,3.89034366607666,13.049757957458496,5.575667858123779,11.603381156921387,6.472969055175781,12.141777038574219,False,True,closer_to_active_target_than_inactive_proxy,False,
fold_05,KIT,fold_05_sample9_KIT_4u0i_A_to_KIT_8pqc_A,KIT_4u0i_A,KIT_8pqc_A,generated_export_fallback,mapped_klifs_dfg_proxy_alphac,4u0i,A,173.0,98.0,117.0,3.5703752040863037,12.72185230255127,5.531574249267578,10.83483600616455,7.581284046173096,13.255294799804688,False,True,closer_to_active_target_than_inactive_proxy,False,
fold_06,PDGFRA,fold_06_sample0_PDGFRA_6joi_A_to_PDGFRA_8pqi_A,PDGFRA_6joi_A,PDGFRA_8pqi_A,generated_export_fallback,mapped_klifs_dfg_proxy_alphac,6joi,A,173.0,98.0,117.0,3.7357263565063477,17.378095626831055,8.64262866973877,15.161355018615723,5.120230197906494,14.162240982055664,True,False,closer_to_active_target_than_inactive_proxy,False,
fold_06,PDGFRA,fold_06_sample1_PDGFRA_8pqk_A_to_PDGFRA_8pqh_A,PDGFRA_8pqk_A,PDGFRA_8pqh_A,generated_export_fallback,mapped_klifs_dfg_proxy_alphac,8pqk,A,184.0,109.0,128.0,7.614445209503174,15.178353309631348,4.784927845001221,12.113704681396484,4.726629734039307,14.012523651123047,False,True,closer_to_active_target_than_inactive_proxy,False,
