kinase_name,structure_id,pdb_id,dfg_state,alphac_state,conformation_class,resolution,species,chain,quality_score,ligand
EGFR,782,3w33,in,out,INACTIVE,1.7,Human,A,8.0,W19
EGFR,810,3lzb,in,out,INACTIVE,2.7,Human,B,7.6,ITI
EGFR,784,3w32,in,out,INACTIVE,1.8,Human,A,8.0,W32
EGFR,800,3lzb,in,out,INACTIVE,2.7,Human,A,7.6,ITI
EGFR,778,3w2s,in,out,INACTIVE,1.9,Human,A,8.0,W2R
EGFR,803,5cnn,in,out,INACTIVE,1.9,Human,B,8.0,ANP
EGFR,791,5cnn,in,out,INACTIVE,1.9,Human,A,8.0,ANP
EGFR,792,3w2s,in,out,INACTIVE,1.9,Human,A,8.0,W2R
EGFR,795,2gs7,in,out,INACTIVE,2.6,Human,B,8.0,ANP
EGFR,812,2jiv,in,out,INACTIVE,3.5,Human,B,9.0,HKI
EGFR,808,3lzb,in,out,INACTIVE,2.7,Human,C,7.6,ITI
EGFR,822,3w2r,in,out,INACTIVE,2.05,Human,A,8.0,W2R
EGFR,820,3lzb,in,out,INACTIVE,2.7,Human,D,7.6,ITI
EGFR,830,2jiv,in,out,INACTIVE,3.5,Human,B,9.0,HKI
EGFR,823,4i22,in,out,INACTIVE,1.71,Human,A,8.0,IRE
EGFR,831,4i24,in,out,INACTIVE,1.8,Human,A,8.0,1C9
EGFR,835,4hjo,in,out,INACTIVE,2.75,Human,A,9.3,AQ4
EGFR,839,5cnn,in,out,INACTIVE,1.9,Human,B,8.0,ANP
EGFR,842,2gs7,in,out,INACTIVE,2.6,Human,A,8.0,ANP
EGFR,844,1xkk,in,out,INACTIVE,2.4,Human,A,9.6,FMM
EGFR,847,3gt8,in,out,INACTIVE,2.96,Human,B,8.0,ANP
EGFR,851,2jiv,in,out,INACTIVE,3.5,Human,A,9.3,HKI
EGFR,902,5cnn,in,out,INACTIVE,1.9,Human,A,8.0,ANP
EGFR,860,3gt8,in,out,INACTIVE,2.96,Human,D,8.0,ANP
EGFR,861,5cno,in,out,INACTIVE,1.55,Human,B,8.0,ANP
EGFR,908,3gt8,in,out,INACTIVE,2.96,Human,A,8.0,ANP
EGFR,910,4i24,in,out,INACTIVE,1.8,Human,B,8.0,1C9
EGFR,869,3w33,in,out,INACTIVE,1.7,Human,A,8.0,W19
EGFR,878,5cno,in,out,INACTIVE,1.55,Human,B,8.0,ANP
EGFR,882,3gt8,in,out,INACTIVE,2.96,Human,C,8.0,ANP
EGFR,884,5cno,in,out,INACTIVE,1.55,Human,A,8.0,ANP
EGFR,885,3w2r,in,out,INACTIVE,2.05,Human,A,8.0,W2R
EGFR,893,2jiv,in,out,INACTIVE,3.5,Human,A,9.3,HKI
EGFR,894,5cno,in,out,INACTIVE,1.55,Human,A,8.0,ANP
EGFR,6367,5hg7,out,out,INACTIVE,1.85,Human,A,8.0,630
EGFR,6375,5hg5,out,out,INACTIVE,1.52,Human,A,8.0,633
EGFR,6376,5hg5,out,out,INACTIVE,1.52,Human,A,8.0,633
EGFR,6377,5hg9,out,out,INACTIVE,2.15,Human,A,8.0,63A
EGFR,6378,5hg8,out,out,INACTIVE,1.42,Human,A,8.0,634
EGFR,6379,5hg9,out,out,INACTIVE,2.15,Human,A,8.0,63A
EGFR,6380,5hg8,out,out,INACTIVE,1.42,Human,A,8.0,634
EGFR,6664,5d41,in,out,INACTIVE,2.31,Human,B,9.9,ANP
EGFR,6693,4zse,in,out,INACTIVE,1.97,Human,C,8.0,ANP
EGFR,6694,4zse,in,out,INACTIVE,1.97,Human,D,9.2,ANP
EGFR,6665,5d41,in,out,INACTIVE,2.31,Human,A,7.6,ANP
EGFR,6666,5d41,in,out,INACTIVE,2.31,Human,B,9.9,ANP
EGFR,6695,4zse,in,out,INACTIVE,1.97,Human,B,9.7,ANP
EGFR,6696,4zse,in,out,INACTIVE,1.97,Human,A,9.5,ANP
EGFR,6697,4zse,in,out,INACTIVE,1.97,Human,A,9.5,ANP
EGFR,6698,4zse,in,out,INACTIVE,1.97,Human,C,8.0,ANP
EGFR,6667,5d41,in,out,INACTIVE,2.31,Human,A,7.6,ANP
EGFR,6699,4zse,in,out,INACTIVE,1.97,Human,B,9.7,ANP
EGFR,6700,4zse,in,out,INACTIVE,1.97,Human,D,9.2,ANP
EGFR,6757,2rgp,in,out,INACTIVE,2.0,Human,A,8.0,HYZ
EGFR,6758,3bel,in,out,INACTIVE,2.3,Human,A,8.0,POX
EGFR,7308,3poz,in,out,INACTIVE,1.5,Human,A,8.0,03P
EGFR,7386,5u8l,out,out,INACTIVE,1.6,Human,A,8.0,O44
EGFR,7387,5u8l,out,out,INACTIVE,1.6,Human,A,8.0,O44
EGFR,7511,5uga,out,out,INACTIVE,1.82,Human,A,8.0,8BM
EGFR,7512,5ug9,out,out,INACTIVE,0.0,Human,A,8.0,8AM
EGFR,7513,5ug9,out,out,INACTIVE,0.0,Human,A,8.0,8AM
EGFR,7514,5ug8,out,out,INACTIVE,0.0,Human,A,8.0,8BP
EGFR,7516,5ugc,out,out,INACTIVE,1.58,Human,A,8.0,8BS
EGFR,7517,5uga,out,out,INACTIVE,1.82,Human,A,8.0,8BM
EGFR,7518,5ugc,out,out,INACTIVE,1.58,Human,A,8.0,8BS
EGFR,7519,5ug8,out,out,INACTIVE,0.0,Human,A,8.0,8BP
EGFR,8357,5gty,in,out,INACTIVE,3.14,Human,H,9.4,816
EGFR,8364,5gty,in,out,INACTIVE,3.14,Human,F,9.1,816
EGFR,8354,5gty,in,out,INACTIVE,3.14,Human,F,9.1,816
EGFR,8362,5gty,in,out,INACTIVE,3.14,Human,H,9.4,816
EGFR,8358,5gty,in,out,INACTIVE,3.14,Human,C,9.5,816
EGFR,8355,5gty,in,out,INACTIVE,3.14,Human,G,9.4,816
EGFR,8352,5gty,in,out,INACTIVE,3.14,Human,A,9.9,816
EGFR,8367,5gty,in,out,INACTIVE,3.14,Human,B,8.0,816
EGFR,8353,5gty,in,out,INACTIVE,3.14,Human,E,8.0,816
EGFR,8359,5gty,in,out,INACTIVE,3.14,Human,E,8.0,816
EGFR,8356,5gty,in,out,INACTIVE,3.14,Human,D,8.5,816
EGFR,8369,5gty,in,out,INACTIVE,3.14,Human,G,9.4,816
EGFR,8363,5gty,in,out,INACTIVE,3.14,Human,A,9.9,816
EGFR,8366,5gty,in,out,INACTIVE,3.14,Human,C,9.5,816
EGFR,8360,5gty,in,out,INACTIVE,3.14,Human,B,8.0,816
EGFR,8368,5gty,in,out,INACTIVE,3.14,Human,D,8.5,816
EGFR,8568,5uwd,out-like,out,INACTIVE,3.06,Human,A,8.0,8OV
EGFR,9430,5yu9,in,out,INACTIVE,1.95,Human,A,8.0,1E8
EGFR,9431,5yu9,in,out,INACTIVE,1.95,Human,D,8.0,1E8
EGFR,9432,5yu9,in,out,INACTIVE,1.95,Human,C,8.0,1E8
EGFR,9433,5yu9,in,out,INACTIVE,1.95,Human,B,8.0,1E8
EGFR,9434,5yu9,in,out,INACTIVE,1.95,Human,B,8.0,1E8
EGFR,9427,5yu9,in,out,INACTIVE,1.95,Human,C,8.0,1E8
EGFR,9428,5yu9,in,out,INACTIVE,1.95,Human,A,8.0,1E8
EGFR,9429,5yu9,in,out,INACTIVE,1.95,Human,D,8.0,1E8
EGFR,9569,5x2c,in,out,INACTIVE,2.05,Human,B,9.4,7XR
EGFR,9526,5x2a,in,out,INACTIVE,1.85,Human,B,8.0,7XO
EGFR,9527,5x2f,in,out,INACTIVE,2.2,Human,C,9.4,7XU
EGFR,9528,5x2f,in,out,INACTIVE,2.2,Human,D,8.0,7XU
EGFR,9529,5x2a,in,out,INACTIVE,1.85,Human,D,8.0,ANP
EGFR,9570,5x2c,in,out,INACTIVE,2.05,Human,B,7.9,7XR
EGFR,9530,5x2a,in,out,INACTIVE,1.85,Human,A,9.6,7XO
EGFR,9531,5x2a,in,out,INACTIVE,1.85,Human,C,9.4,7XO
EGFR,9532,5x2a,in,out,INACTIVE,1.85,Human,D,8.0,ANP
EGFR,9533,5x2a,in,out,INACTIVE,1.85,Human,D,9.5,ANP
EGFR,9571,5x2c,in,out,INACTIVE,2.05,Human,B,9.4,7XR
EGFR,9535,5x2f,in,out,INACTIVE,2.2,Human,A,9.6,7XU
EGFR,9537,5x2a,in,out,INACTIVE,1.85,Human,C,9.4,7XO
EGFR,9539,5x2a,in,out,INACTIVE,1.85,Human,A,8.1,7XO
EGFR,9540,5x2f,in,out,INACTIVE,2.2,Human,A,9.6,7XU
EGFR,9541,5x2f,in,out,INACTIVE,2.2,Human,B,9.6,7XU
EGFR,9542,5x2f,in,out,INACTIVE,2.2,Human,C,9.4,7XU
EGFR,9543,5x2a,in,out,INACTIVE,1.85,Human,B,9.2,7XO
EGFR,9544,5x2f,in,out,INACTIVE,2.2,Human,D,8.0,7XU
EGFR,9545,5x2a,in,out,INACTIVE,1.85,Human,A,9.6,7XO
EGFR,9546,5x2f,in,out,INACTIVE,2.2,Human,B,9.6,7XU
EGFR,9547,5x2a,in,out,INACTIVE,1.85,Human,C,8.6,7XO
EGFR,9548,5x2a,in,out,INACTIVE,1.85,Human,B,8.0,7XO
EGFR,9566,5x2c,in,out,INACTIVE,2.05,Human,A,8.9,7XR
EGFR,9572,5x2c,in,out,INACTIVE,2.05,Human,A,8.0,7XR
EGFR,9567,5x2c,in,out,INACTIVE,2.05,Human,A,8.0,7XR
EGFR,10372,5zwj,in,out,INACTIVE,2.9,Human,A,8.0,9LL
EGFR,11058,6duk,in,out,INACTIVE,2.2,Human,E,8.0,ANP
EGFR,11059,6duk,in,out,INACTIVE,2.2,Human,E,8.0,ANP
EGFR,11060,6duk,in,out,INACTIVE,2.2,Human,B,9.0,ANP
EGFR,11061,6duk,in,out,INACTIVE,2.2,Human,C,9.6,ANP
EGFR,11062,6duk,in,out,INACTIVE,2.2,Human,D,8.0,ANP
EGFR,11063,6duk,in,out,INACTIVE,2.2,Human,F,8.0,ANP
EGFR,11064,6duk,in,out,INACTIVE,2.2,Human,D,8.0,ANP
EGFR,11065,6duk,in,out,INACTIVE,2.2,Human,F,8.0,ANP
EGFR,11066,6duk,in,out,INACTIVE,2.2,Human,A,8.0,ANP
EGFR,11067,6duk,in,out,INACTIVE,2.2,Human,A,8.0,ANP
EGFR,11068,6duk,in,out,INACTIVE,2.2,Human,C,9.6,ANP
EGFR,11069,6duk,in,out,INACTIVE,2.2,Human,B,9.0,ANP
EGFR,11884,6p1d,in,out,INACTIVE,2.4,Human,D,8.0,NQ1
EGFR,11867,6p8q,in,out,INACTIVE,1.9,Human,B,8.0,AMP
EGFR,11868,6p1d,in,out,INACTIVE,2.4,Human,A,8.0,ANP
EGFR,11885,6p1d,in,out,INACTIVE,2.4,Human,D,8.0,NQ1
EGFR,11886,6p1l,in,out,INACTIVE,2.8,Human,B,8.0,ANP
EGFR,11869,6p1d,in,out,INACTIVE,2.4,Human,C,8.0,NQ1
EGFR,11870,6p1l,in,out,INACTIVE,2.8,Human,D,7.6,ANP
EGFR,11871,6p8q,in,out,INACTIVE,1.9,Human,D,8.0,AMP
EGFR,11872,6p1d,in,out,INACTIVE,2.4,Human,A,8.0,ANP
EGFR,11873,6p1d,in,out,INACTIVE,2.4,Human,B,8.0,ANP
EGFR,11874,6p8q,in,out,INACTIVE,1.9,Human,B,8.0,AMP
EGFR,11875,6p8q,in,out,INACTIVE,1.9,Human,A,8.0,ANP
EGFR,11876,6p1l,in,out,INACTIVE,2.8,Human,C,7.6,ANP
EGFR,11877,6p8q,in,out,INACTIVE,1.9,Human,D,8.0,AMP
EGFR,11878,6p1l,in,out,INACTIVE,2.8,Human,A,7.6,ANP
EGFR,11879,6p8q,in,out,INACTIVE,1.9,Human,C,8.0,AMP
EGFR,11880,6p1d,in,out,INACTIVE,2.4,Human,C,8.0,NQ1
EGFR,11881,6p8q,in,out,INACTIVE,1.9,Human,C,8.0,AMP
EGFR,11882,6p8q,in,out,INACTIVE,1.9,Human,A,8.0,ANP
EGFR,11883,6p1d,in,out,INACTIVE,2.4,Human,B,8.0,ANP
EGFR,12184,6v66,in,out,INACTIVE,1.79,Human,C,8.0,QP1
EGFR,12197,6v5n,in,out,INACTIVE,2.4,Human,C,8.0,QP7
EGFR,12222,6v6k,in,out,INACTIVE,2.2,Human,G,8.0,QQJ
EGFR,12185,6v5n,in,out,INACTIVE,2.4,Human,B,8.0,QP7
EGFR,12208,6v66,in,out,INACTIVE,1.79,Human,C,8.0,QP1
EGFR,12198,6v6o,in,out,INACTIVE,2.1,Human,B,8.0,QQM
EGFR,12186,6v5p,in,out,INACTIVE,2.3,Human,D,8.0,QP4
EGFR,12168,6v6k,in,out,INACTIVE,2.2,Human,A,8.0,QQJ
EGFR,12216,6v6k,in,out,INACTIVE,2.2,Human,H,8.0,QQJ
EGFR,12169,6v6o,in,out,INACTIVE,2.1,Human,A,8.0,QQM
EGFR,12187,6v6k,in,out,INACTIVE,2.2,Human,E,8.0,QQJ
EGFR,12170,6v5n,in,out,INACTIVE,2.4,Human,A,8.0,QP7
EGFR,12199,6v5n,in,out,INACTIVE,2.4,Human,D,8.0,QP7
EGFR,12188,6v6o,in,out,INACTIVE,2.1,Human,C,8.0,QQM
EGFR,12209,6v6k,in,out,INACTIVE,2.2,Human,C,8.0,QQJ
EGFR,12172,6v5p,in,out,INACTIVE,2.3,Human,A,8.0,QP4
EGFR,12200,6v5p,in,out,INACTIVE,2.3,Human,B,8.0,QP4
EGFR,12189,6v6o,in,out,INACTIVE,2.1,Human,G,8.0,QQM
EGFR,12174,6v5p,in,out,INACTIVE,2.3,Human,A,8.0,QP4
EGFR,12227,6v5n,in,out,INACTIVE,2.4,Human,B,8.0,QP7
EGFR,12177,6v66,in,out,INACTIVE,1.79,Human,A,8.0,QP1
EGFR,12190,6v6k,in,out,INACTIVE,2.2,Human,H,8.0,QQJ
EGFR,12217,6v66,in,out,INACTIVE,1.79,Human,B,8.0,QP1
EGFR,12178,6v66,in,out,INACTIVE,1.79,Human,A,8.0,QP1
EGFR,12201,6v5n,in,out,INACTIVE,2.4,Human,D,8.0,QP7
EGFR,12191,6v6o,in,out,INACTIVE,2.1,Human,E,8.0,QQM
EGFR,12179,6v6k,in,out,INACTIVE,2.2,Human,A,8.0,QQJ
EGFR,12210,6v5p,in,out,INACTIVE,2.3,Human,C,8.0,QP4
EGFR,12180,6v5n,in,out,INACTIVE,2.4,Human,A,8.0,QP7
EGFR,12192,6v5p,in,out,INACTIVE,2.3,Human,C,8.0,QP4
EGFR,12181,6v6o,in,out,INACTIVE,2.1,Human,A,8.0,QQM
EGFR,12202,6v6k,in,out,INACTIVE,2.2,Human,B,8.0,QQJ
EGFR,12223,6v6k,in,out,INACTIVE,2.2,Human,D,8.0,QQJ
EGFR,12193,6v6k,in,out,INACTIVE,2.2,Human,E,8.0,QQJ
EGFR,12211,6v6o,in,out,INACTIVE,2.1,Human,H,8.0,QQM
EGFR,12203,6v5p,in,out,INACTIVE,2.3,Human,B,8.0,QP4
EGFR,12194,6v6o,in,out,INACTIVE,2.1,Human,H,8.0,QQM
EGFR,12218,6v5p,in,out,INACTIVE,2.3,Human,D,8.0,QP4
EGFR,12195,6v6k,in,out,INACTIVE,2.2,Human,G,8.0,QQJ
EGFR,12204,6v6k,in,out,INACTIVE,2.2,Human,F,8.0,QQJ
EGFR,12196,6v5n,in,out,INACTIVE,2.4,Human,C,8.0,QP7
EGFR,12212,6v6k,in,out,INACTIVE,2.2,Human,D,8.0,QQJ
EGFR,12205,6v66,in,out,INACTIVE,1.79,Human,B,8.0,QP1
EGFR,12224,6v66,in,out,INACTIVE,1.79,Human,D,8.0,QP1
EGFR,12213,6v6o,in,out,INACTIVE,2.1,Human,D,8.0,QQM
EGFR,12206,6v6o,in,out,INACTIVE,2.1,Human,F,8.0,QQM
EGFR,12219,6v6o,in,out,INACTIVE,2.1,Human,D,8.0,QQM
EGFR,12207,6v6k,in,out,INACTIVE,2.2,Human,C,8.0,QQJ
EGFR,12214,6v6k,in,out,INACTIVE,2.2,Human,F,8.0,QQJ
EGFR,12228,6v6o,in,out,INACTIVE,2.1,Human,B,8.0,QQM
EGFR,12220,6v6o,in,out,INACTIVE,2.1,Human,F,8.0,QQM
EGFR,12215,6v6o,in,out,INACTIVE,2.1,Human,G,8.0,QQM
EGFR,12225,6v6o,in,out,INACTIVE,2.1,Human,E,8.0,QQM
EGFR,12221,6v66,in,out,INACTIVE,1.79,Human,D,8.0,QP1
EGFR,12229,6v6k,in,out,INACTIVE,2.2,Human,B,8.0,QQJ
EGFR,12226,6v6o,in,out,INACTIVE,2.1,Human,C,8.0,QQM
EGFR,12239,6jxt,in,out,INACTIVE,2.31,Human,A,9.3,YY3
EGFR,12240,6jxt,in,out,INACTIVE,2.31,Human,A,9.3,YY3
EGFR,12837,6tfw,in,out,INACTIVE,2.0,Human,B,7.2,N7W
EGFR,12830,6tfz,in,out,INACTIVE,1.8,Human,B,8.9,N7B
EGFR,12826,6tg1,in,out,INACTIVE,1.6,Human,A,8.0,N82
EGFR,12827,6tfv,in,out,INACTIVE,1.5,Human,B,8.9,N7Q
EGFR,12839,6tfz,in,out,INACTIVE,1.8,Human,B,8.9,N7B
EGFR,12831,6tfy,in,out,INACTIVE,1.7,Human,B,9.2,N7Z
EGFR,12828,6tfv,in,out,INACTIVE,1.5,Human,A,8.5,N7Q
EGFR,12824,6tg1,in,out,INACTIVE,1.6,Human,B,8.0,N82
EGFR,12834,6tg0,in,out,INACTIVE,1.5,Human,B,8.0,N78
EGFR,12832,6tfv,in,out,INACTIVE,1.5,Human,A,8.5,N7Q
EGFR,12825,6tfy,in,out,INACTIVE,1.7,Human,A,9.3,N7Z
EGFR,12829,6tg0,in,out,INACTIVE,1.5,Human,A,8.2,N78
EGFR,12836,6tg1,in,out,INACTIVE,1.6,Human,B,8.0,N82
EGFR,12838,6tfw,in,out,INACTIVE,2.0,Human,A,8.6,N7W
EGFR,12835,6tg0,in,out,INACTIVE,1.5,Human,B,8.0,N78
EGFR,12833,6tg0,in,out,INACTIVE,1.5,Human,A,8.2,N78
EGFR,12844,6tfu,in,out,INACTIVE,2.0,Human,A,8.0,N7K
EGFR,12843,6tg1,in,out,INACTIVE,1.6,Human,A,8.0,N82
EGFR,12841,6tfy,in,out,INACTIVE,1.7,Human,A,9.3,N7Z
EGFR,12840,6tfz,in,out,INACTIVE,1.8,Human,A,7.7,N7B
EGFR,12842,6tfu,in,out,INACTIVE,2.0,Human,B,7.6,N7K
EGFR,12845,6tfv,in,out,INACTIVE,1.5,Human,B,8.9,N7Q
EGFR,12846,6tfz,in,out,INACTIVE,1.8,Human,A,7.7,N7B
EGFR,12847,6tfy,in,out,INACTIVE,1.7,Human,B,9.2,N7Z
EGFR,12977,7a2a,in,out,INACTIVE,1.9,Human,A,7.6,57N
EGFR,12978,6z4d,in,out,INACTIVE,2.0,Human,B,8.8,8BS
EGFR,12979,6z4d,in,out,INACTIVE,2.0,Human,B,8.8,8BS
EGFR,12970,7a2a,in,out,INACTIVE,1.9,Human,B,7.6,57N
EGFR,12971,6z4d,in,out,INACTIVE,2.0,Human,A,8.8,8BS
EGFR,12972,6z4d,in,out,INACTIVE,2.0,Human,A,8.8,8BS
EGFR,12973,7a2a,in,out,INACTIVE,1.9,Human,B,7.6,57N
EGFR,12974,6z4b,in,out,INACTIVE,2.5,Human,A,8.0,Q6K
EGFR,12975,6z4b,in,out,INACTIVE,2.5,Human,A,8.0,Q6K
EGFR,12976,7a2a,in,out,INACTIVE,1.9,Human,A,7.6,57N
EGFR,13441,6wak,in,out,INACTIVE,2.4,Human,C,9.4,TQA
EGFR,13442,6wa2,in,out,INACTIVE,2.4,Human,A,8.0,TOV
EGFR,13443,6wa2,in,out,INACTIVE,2.4,Human,B,8.0,TOV
EGFR,13444,6wa2,in,out,INACTIVE,2.4,Human,B,8.0,TOV
EGFR,13445,6wak,in,out,INACTIVE,2.4,Human,D,8.0,ANP
EGFR,13446,6wak,in,out,INACTIVE,2.4,Human,D,8.0,ANP
EGFR,13434,6wa2,in,out,INACTIVE,2.4,Human,A,8.0,TOV
EGFR,13435,6wak,in,out,INACTIVE,2.4,Human,B,8.0,ANP
EGFR,13447,6wa2,in,out,INACTIVE,2.4,Human,C,8.0,TOV
EGFR,13448,6wak,in,out,INACTIVE,2.4,Human,B,8.0,ANP
EGFR,13436,6wa2,in,out,INACTIVE,2.4,Human,C,8.0,TOV
EGFR,13449,6wak,in,out,INACTIVE,2.4,Human,C,9.4,TQA
EGFR,13437,6wa2,in,out,INACTIVE,2.4,Human,D,8.0,TOV
EGFR,13438,6wak,in,out,INACTIVE,2.4,Human,A,8.0,ANP
EGFR,13439,6wa2,in,out,INACTIVE,2.4,Human,D,8.0,TOV
EGFR,13440,6wak,in,out,INACTIVE,2.4,Human,A,8.0,ANP
EGFR,13759,6xl4,in,out,INACTIVE,2.06,Human,A,8.0,Q6K
EGFR,13874,7jxp,in,out,INACTIVE,2.16,Human,A,8.0,ANP
EGFR,13884,7jxk,in,out,INACTIVE,3.1,Human,A,8.0,8BS
EGFR,13885,7jxi,in,out,INACTIVE,3.0,Human,A,7.6,8BS
EGFR,13880,7jxq,in,out,INACTIVE,1.83,Human,A,8.0,VNS
EGFR,13875,7jxw,in,out,INACTIVE,2.5,Human,A,8.0,YY3
EGFR,13876,7jxk,in,out,INACTIVE,3.1,Human,A,8.0,8BS
EGFR,13886,7jxq,in,out,INACTIVE,1.83,Human,A,8.0,VNS
EGFR,13881,7jxp,in,out,INACTIVE,2.16,Human,A,8.0,ANP
EGFR,13882,7jxi,in,out,INACTIVE,3.0,Human,A,7.6,8BS
EGFR,13883,7jxm,in,out,INACTIVE,2.192,Human,A,8.0,ANP
EGFR,13877,7jxw,in,out,INACTIVE,2.5,Human,A,8.0,YY3
EGFR,13878,7jxl,in,out,INACTIVE,2.4,Human,A,8.0,VO7
EGFR,13879,7jxl,in,out,INACTIVE,2.4,Human,A,8.0,VO7
EGFR,13902,7k1h,in,out,INACTIVE,2.602,Human,A,8.0,VNS
EGFR,13903,7k1i,in,out,INACTIVE,3.202,Human,A,7.6,ANP
EGFR,13904,7k1i,in,out,INACTIVE,3.202,Human,A,7.6,ANP
EGFR,14073,7ky0,in,out,INACTIVE,3.1,Human,A,8.0,XA4
EGFR,14122,7ltx,in,out,INACTIVE,2.3,Human,A,8.0,ANP
EGFR,14111,7a6k,in,out,INACTIVE,2.0,Human,A,8.6,R28
EGFR,14112,7a6k,in,out,INACTIVE,2.0,Human,A,8.5,R28
EGFR,14124,7a6j,in,out,INACTIVE,2.0,Human,A,8.0,R2E
EGFR,14113,7a6k,in,out,INACTIVE,2.0,Human,A,8.6,R28
EGFR,14125,7a6j,in,out,INACTIVE,2.0,Human,A,8.0,R2E
EGFR,14120,7lg8,in,out,INACTIVE,2.93,Human,A,8.0,8RC
EGFR,14462,8a27,in,out,INACTIVE,1.07,Human,A,8.0,KY9
EGFR,14459,8a2b,in,out,INACTIVE,1.69,Human,A,7.6,KY9
EGFR,14463,8a2d,in,out,INACTIVE,1.11,Human,A,8.0,KXY
EGFR,14460,8a2a,in,out,INACTIVE,1.43,Human,A,8.0,KY9
EGFR,14464,8a2b,in,out,INACTIVE,1.69,Human,A,7.6,KY9
EGFR,14461,8a2d,in,out,INACTIVE,1.11,Human,A,8.0,KXY
EGFR,14465,8a27,in,out,INACTIVE,1.07,Human,A,8.0,KY9
EGFR,14466,8a2a,in,out,INACTIVE,1.43,Human,A,8.0,KY9
EGFR,14526,7u98,in,out,INACTIVE,3.42,Human,A,8.0,M1O
EGFR,14729,7zyq,in,out,INACTIVE,2.1,Human,A,8.0,V58
EGFR,14730,7zyq,in,out,INACTIVE,2.1,Human,A,8.0,V58
EGFR,14944,8f1w,in,out,INACTIVE,3.2,Human,A,8.0,R2E
EGFR,15165,8fv4,in,out,INACTIVE,2.2,Human,A,9.0,ANP
EGFR,15166,8fv4,in,out,INACTIVE,2.2,Human,A,9.0,ANP
EGFR,15167,8fv3,in,out,INACTIVE,2.1,Human,A,9.6,ANP
EGFR,15168,8fv3,in,out,INACTIVE,2.1,Human,A,9.6,ANP
EGFR,15235,8gb4,in,out,INACTIVE,2.59,Human,A,8.0,YW5
EGFR,15236,8gb4,in,out,INACTIVE,2.59,Human,A,8.0,YW5
EGFR,15327,8gk5,in,out,INACTIVE,2.3,Human,A,7.6,Q6K
EGFR,15388,8to3,in,out,INACTIVE,2.49,Human,A,9.4,IXC
EGFR,15389,8to3,in,out,INACTIVE,2.49,Human,A,9.4,IXC
EGFR,15390,8to4,in,out,INACTIVE,2.99,Human,A,9.2,ANP
EGFR,15375,8eme,in,out,INACTIVE,3.32,Human,B,7.2,ZNL
EGFR,15391,8to4,in,out,INACTIVE,2.99,Human,A,9.2,ANP
EGFR,850,4i20,out,in,INACTIVE,3.34,Human,A,8.0,0
EGFR,807,2rfe,in,out,INACTIVE,2.9,Human,D,8.0,0
EGFR,836,2rfe,in,out,INACTIVE,2.9,Human,A,8.0,0
EGFR,883,2rf9,out,in,INACTIVE,3.5,Human,B,8.0,0
EGFR,805,2jit,out-like,out,INACTIVE,3.1,Human,B,7.6,0
EGFR,6593,4wd5,out-like,out,INACTIVE,3.3,Human,B,9.2,0
EGFR,8554,5xgn,out-like,out,INACTIVE,3.0,Human,B,8.9,0
EGFR,853,3gop,out-like,out,INACTIVE,2.8,Human,A,6.5,0
EGFR,843,4zjv,out,in,INACTIVE,2.7,Human,A,8.0,0
EGFR,886,3gop,out-like,out,INACTIVE,2.8,Human,A,6.5,0
EGFR,13557,6wxn,in,out,INACTIVE,1.76,Human,A,9.4,0
EGFR,14016,7sz7,in,out,INACTIVE,3.4,Human,A,0.0,0
EGFR,868,3ika,out-like,out,INACTIVE,2.9,Human,B,7.6,0
EGFR,14532,7ukw,in,out,INACTIVE,2.6,Human,A,8.0,0
EGFR,14531,7ukw,in,out,INACTIVE,2.6,Human,A,8.0,0
EGFR,896,2rfe,in,out,INACTIVE,2.9,Human,B,8.7,0
EGFR,863,3ika,out-like,out,INACTIVE,2.9,Human,B,7.6,0
EGFR,875,2rfd,in,out,INACTIVE,3.6,Human,A,9.4,0
EGFR,14031,7sz0,in,out,INACTIVE,3.3,Human,A,0.0,0
EGFR,788,4g5p,out-like,out,INACTIVE,3.17,Human,B,7.6,0
EGFR,14027,7syd,in,out,INACTIVE,3.1,Human,A,0.0,0
EGFR,840,2rfd,in,out,INACTIVE,3.6,Human,B,8.6,0
EGFR,904,4zjv,out,in,INACTIVE,2.7,Human,B,8.0,0
EGFR,14029,7sz1,in,out,INACTIVE,3.4,Human,A,0.0,0
EGFR,13558,6wxn,in,out,INACTIVE,1.76,Human,A,9.4,0
EGFR,14028,7sye,in,out,INACTIVE,3.3,Human,A,0.0,0
EGFR,780,4zjv,out,in,INACTIVE,2.7,Human,B,8.0,0
EGFR,895,2jiu,out-like,out,INACTIVE,3.05,Human,B,9.0,0
EGFR,14030,7sz5,in,out,INACTIVE,3.6,Human,A,0.0,0
EGFR,907,2rfe,in,out,INACTIVE,2.9,Human,C,8.0,0
EGFR,798,4zjv,out,in,INACTIVE,2.7,Human,A,8.0,0
EGFR,14938,8eme,in,out,INACTIVE,3.32,Human,A,5.6,0
BRAF,3050,4jvg,out,in,INACTIVE,3.09,Human,C,7.2,B96
BRAF,3051,4e4x,in,out,INACTIVE,3.6,Human,A,8.0,T1Q
BRAF,3052,4dbn,out,in,INACTIVE,3.15,Human,A,8.2,0JA
BRAF,3126,4pp7,in,out,INACTIVE,3.4,Human,B,8.0,2VX
BRAF,3079,4wo5,in,out,INACTIVE,2.83,Human,A,8.2,324
BRAF,3054,3tv4,in,out,INACTIVE,3.4,Human,A,7.2,TV4
BRAF,3055,4ksq,out,in,INACTIVE,3.3,Human,B,7.4,1SW
BRAF,3134,4jvg,out,in,INACTIVE,3.09,Human,A,7.2,B96
BRAF,3080,3tv6,in,out,INACTIVE,3.3,Human,A,8.0,B0R
BRAF,3057,4mbj,in,out,INACTIVE,3.6,Human,B,8.0,DFS
BRAF,3113,3og7,in,out,INACTIVE,2.45,Human,A,7.2,032
BRAF,3081,4ksp,out,in,INACTIVE,2.93,Human,A,6.4,1SU
BRAF,3059,4jvg,out,in,INACTIVE,3.09,Human,D,7.2,B96
BRAF,3143,4wo5,in,out,INACTIVE,2.83,Human,B,8.0,324
BRAF,3127,1uwh,out,in,INACTIVE,2.95,Human,A,7.2,BAX
BRAF,3100,3skc,in,out,INACTIVE,3.2,Human,A,7.6,BR2
BRAF,3082,4ehe,in,out,INACTIVE,3.3,Human,B,8.0,RI8
BRAF,3064,4ehg,in,out,INACTIVE,3.5,Human,A,8.0,RI9
BRAF,3115,3c4c,in,out,INACTIVE,2.57,Human,A,7.2,324
BRAF,3101,4g9r,out,in,INACTIVE,3.2,Human,B,7.2,B1E
BRAF,3065,4ksq,out,in,INACTIVE,3.3,Human,A,6.8,1SW
BRAF,3084,4g9c,out,in,INACTIVE,3.5,Human,A,7.2,0WP
BRAF,3066,4ksp,out,in,INACTIVE,2.93,Human,B,6.0,1SU
BRAF,3135,1uwj,out,in,INACTIVE,3.5,Human,A,7.2,BAX
BRAF,3067,4g9c,out,in,INACTIVE,3.5,Human,B,7.2,0WP
BRAF,3128,3skc,in,out,INACTIVE,3.2,Human,B,8.0,BR2
BRAF,3085,4jvg,out,in,INACTIVE,3.09,Human,B,7.2,B96
BRAF,3069,4fc0,out,in,INACTIVE,2.95,Human,B,6.8,0T2
BRAF,3116,3ii5,out,in,INACTIVE,2.79,Human,A,7.2,831
BRAF,3070,4dbn,out,in,INACTIVE,3.15,Human,B,6.8,0JA
BRAF,3104,4e4x,in,out,INACTIVE,3.6,Human,B,8.0,T1Q
BRAF,3072,3q96,out,in,INACTIVE,3.1,Human,A,7.8,0NF
BRAF,3088,4cqe,in,out,INACTIVE,2.3,Human,A,6.8,CQE
BRAF,3074,5c9c,out,in,INACTIVE,2.7,Human,A,8.8,4Z5
BRAF,3105,1uwj,out,in,INACTIVE,3.5,Human,B,7.2,BAX
BRAF,3076,3ii5,out,in,INACTIVE,2.79,Human,B,7.2,831
BRAF,3118,4fk3,in,out,INACTIVE,2.65,Human,A,7.2,325
BRAF,3089,3q96,out,in,INACTIVE,3.1,Human,B,7.2,0NF
BRAF,3077,3idp,out,in,INACTIVE,2.7,Human,A,7.2,L1E
BRAF,3107,4cqe,in,out,INACTIVE,2.3,Human,B,7.9,CQE
BRAF,3078,4ehg,in,out,INACTIVE,3.5,Human,B,7.6,RI9
BRAF,3090,4mbj,in,out,INACTIVE,3.6,Human,A,8.0,DFS
BRAF,3119,5c9c,out,in,INACTIVE,2.7,Human,B,6.8,4Z5
BRAF,3109,1uwh,out,in,INACTIVE,2.95,Human,B,7.2,BAX
BRAF,3136,3tv6,in,out,INACTIVE,3.3,Human,B,8.0,B0R
BRAF,3094,4pp7,in,out,INACTIVE,3.4,Human,A,8.0,2VX
BRAF,3130,4g9r,out,in,INACTIVE,3.2,Human,A,7.2,B1E
BRAF,3121,3idp,out,in,INACTIVE,2.7,Human,B,6.8,L1E
BRAF,3112,4ehe,in,out,INACTIVE,3.3,Human,A,8.0,RI8
BRAF,3123,5c9c,out,in,INACTIVE,2.7,Human,A,8.8,4Z5
BRAF,3131,4fc0,out,in,INACTIVE,2.95,Human,A,7.8,0T2
BRAF,3138,5c9c,out,in,INACTIVE,2.7,Human,B,6.8,4Z5
BRAF,3133,3tv4,in,out,INACTIVE,3.4,Human,B,8.0,TV4
BRAF,6032,5ct7,out,in,INACTIVE,3.17,Human,A,8.6,55J
BRAF,6033,5ct7,out,in,INACTIVE,3.17,Human,B,7.1,55J
BRAF,6213,4xv2,in,out,INACTIVE,2.5,Human,A,7.2,P06
BRAF,6214,4xv1,in,out,INACTIVE,2.47,Human,A,6.0,904
BRAF,6215,4xv9,out,out,INACTIVE,2.0,Human,A,6.4,1OO
BRAF,6217,4xv3,in,out,INACTIVE,2.8,Human,A,6.0,P02
BRAF,6219,4xv2,in,out,INACTIVE,2.5,Human,B,7.2,P06
BRAF,6220,4xv9,out,out,INACTIVE,2.0,Human,A,6.4,1OO
BRAF,6413,4r5y,out,in,INACTIVE,3.5,Human,B,8.3,3K3
BRAF,6414,4r5y,out,in,INACTIVE,3.5,Human,A,7.4,3K3
BRAF,6431,5csw,in,out,INACTIVE,2.66,Human,B,8.0,P06
BRAF,6433,5csw,in,out,INACTIVE,2.66,Human,A,6.0,P06
BRAF,6432,5csx,out,out,INACTIVE,2.51,Human,A,7.2,54J
BRAF,6513,5hie,in,out,INACTIVE,3.0,Human,C,7.6,P06
BRAF,6514,5hie,in,out,INACTIVE,3.0,Human,D,7.6,P06
BRAF,6515,5hi2,out,in,INACTIVE,2.51,Human,A,7.2,BAX
BRAF,6516,5hie,in,out,INACTIVE,3.0,Human,A,8.0,P06
BRAF,6517,5hid,out,in,INACTIVE,2.5,Human,B,7.2,B1E
BRAF,6505,5hie,in,out,INACTIVE,3.0,Human,B,8.0,P06
BRAF,6506,5hid,out,in,INACTIVE,2.5,Human,A,7.2,B1E
BRAF,6507,5hie,in,out,INACTIVE,3.0,Human,C,7.6,P06
BRAF,6508,5hie,in,out,INACTIVE,3.0,Human,A,8.0,P06
BRAF,6509,5hie,in,out,INACTIVE,3.0,Human,B,8.0,P06
BRAF,6510,5hie,in,out,INACTIVE,3.0,Human,D,7.6,P06
BRAF,6511,5hid,out,in,INACTIVE,2.5,Human,B,7.2,B1E
BRAF,6512,5hid,out,in,INACTIVE,2.5,Human,A,7.2,B1E
BRAF,6602,5fd2,in,out,INACTIVE,2.89,Human,B,6.4,5XJ
BRAF,6603,5fd2,in,out,INACTIVE,2.89,Human,A,8.0,5XJ
BRAF,7062,5jsm,in,out,INACTIVE,2.19,Human,B,8.0,6NB
BRAF,7054,5jrq,in,out,INACTIVE,2.29,Human,B,7.2,6N9
BRAF,6939,4rzw,out,out,INACTIVE,3.49,Human,A,6.0,B1E
BRAF,6940,5ita,in,out,INACTIVE,1.95,Human,A,8.0,6DC
BRAF,6941,4rzv,in,out,INACTIVE,2.99,Human,B,8.0,032
BRAF,6942,4rzw,out,in,INACTIVE,3.49,Human,B,5.6,B1E
BRAF,6943,5ita,in,out,INACTIVE,1.95,Human,B,5.2,6DC
BRAF,6944,4rzv,in,out,INACTIVE,2.99,Human,A,8.0,032
BRAF,7065,5jt2,in,out,INACTIVE,2.7,Human,A,9.7,6NC
BRAF,7063,5jsm,in,out,INACTIVE,2.19,Human,C,9.5,6NB
BRAF,7060,5jsm,in,out,INACTIVE,2.19,Human,B,8.0,6NB
BRAF,7059,5jsm,in,out,INACTIVE,2.19,Human,C,9.5,6NB
BRAF,7061,5jrq,in,out,INACTIVE,2.29,Human,A,8.4,6N9
BRAF,7064,5jt2,in,out,INACTIVE,2.7,Human,C,9.0,6NC
BRAF,8186,5vam,out,in,INACTIVE,2.1,Human,B,7.2,92J
BRAF,8187,5vam,out,in,INACTIVE,2.1,Human,B,7.2,92J
BRAF,8188,5val,out,in,INACTIVE,2.26,Human,B,6.4,92D
BRAF,8189,5vam,out,in,INACTIVE,2.1,Human,A,7.2,92J
BRAF,8190,5val,out,in,INACTIVE,2.26,Human,A,6.4,92D
BRAF,8185,5vam,out,in,INACTIVE,2.1,Human,A,7.2,92J
BRAF,8678,6b8u,out,out,INACTIVE,2.68,Human,B,7.2,8EN
BRAF,8679,6b8u,out,in,INACTIVE,2.68,Human,A,8.3,8EN
BRAF,9576,6cad,out,in,INACTIVE,2.55,Human,A,6.0,EU4
BRAF,9575,6cad,out,out,INACTIVE,2.55,Human,B,5.6,EU4
BRAF,11328,6nsq,out,in,INACTIVE,3.05,Human,A,8.2,KZP
BRAF,11329,6nsq,out,in,INACTIVE,3.05,Human,B,7.1,KZP
BRAF,11567,6u2g,in,out,INACTIVE,2.89,Human,B,8.0,ACP
BRAF,11594,6n0p,out,in,INACTIVE,2.37,Human,B,7.2,K81
BRAF,11595,6n0p,out,in,INACTIVE,2.37,Human,B,7.2,K81
BRAF,11596,6n0p,out,in,INACTIVE,2.37,Human,A,8.6,K81
BRAF,11597,6n0p,out,in,INACTIVE,2.37,Human,A,8.6,K81
BRAF,11708,6nyb,in,out,INACTIVE,0.0,Human,A,8.0,AGS
BRAF,11709,6pp9,in,out,INACTIVE,2.59,Human,A,8.0,ANP
BRAF,11711,6pp9,in,out,INACTIVE,2.59,Human,A,8.0,ANP
BRAF,11768,6n0q,out,in,INACTIVE,2.04,Human,A,6.4,K7S
BRAF,11769,6n0q,out,in,INACTIVE,2.04,Human,B,6.4,K7S
BRAF,11770,6n0q,out,in,INACTIVE,2.04,Human,B,6.4,K7S
BRAF,11771,6n0q,out,in,INACTIVE,2.04,Human,A,6.4,K7S
BRAF,12346,6uuo,in,out,INACTIVE,3.29,Human,B,6.4,QH1
BRAF,12347,6uuo,in,out,INACTIVE,3.29,Human,A,5.2,QH1
BRAF,12809,6p3d,out,in,INACTIVE,2.11,Human,A,7.2,0LI
BRAF,12810,6p7g,out,in,INACTIVE,2.65,Human,A,6.4,E7M
BRAF,12806,6p7g,out,in,INACTIVE,2.65,Human,B,6.8,E7M
BRAF,12807,6p7g,out,in,INACTIVE,2.65,Human,C,6.4,E7M
BRAF,12808,6p7g,out,in,INACTIVE,2.65,Human,D,6.4,E7M
BRAF,13023,6v30,in,out,INACTIVE,3.09,Human,A,8.0,ANP
BRAF,13024,6v2y,in,out,INACTIVE,3.451,Human,A,8.0,ANP
BRAF,13025,6v2v,in,out,INACTIVE,2.47,Human,A,8.0,ANP
BRAF,13026,6v2w,in,out,INACTIVE,3.12,Human,A,8.0,ANP
BRAF,13027,6v31,in,out,INACTIVE,3.12,Human,A,8.0,ANP
BRAF,13028,6v2z,in,out,INACTIVE,3.16,Human,A,8.0,ANP
BRAF,13029,6v32,in,out,INACTIVE,3.19,Human,A,8.0,ANP
BRAF,13030,6v2v,in,out,INACTIVE,2.47,Human,A,8.0,ANP
BRAF,13031,6v2u,in,out,INACTIVE,3.78,Human,B,7.6,P06
BRAF,13032,6v2w,in,out,INACTIVE,3.12,Human,A,8.0,ANP
BRAF,13033,6v2z,in,out,INACTIVE,3.16,Human,A,8.0,ANP
BRAF,13034,6v2u,in,out,INACTIVE,3.78,Human,A,8.4,P06
BRAF,13035,6v2x,in,out,INACTIVE,3.09,Human,A,8.0,ANP
BRAF,13200,6v34,out,in,INACTIVE,3.15,Human,A,7.2,QOP
BRAF,13199,6v34,out,in,INACTIVE,3.15,Human,B,6.0,QOP
BRAF,13403,6xfp,out,in,INACTIVE,2.0,Human,A,7.2,V1Y
BRAF,13404,6xfp,out,in,INACTIVE,2.0,Human,A,7.2,V1Y
BRAF,13520,7m0y,in,out,INACTIVE,3.45,Human,A,8.0,ANP
BRAF,13521,7m0z,in,out,INACTIVE,3.12,Human,A,8.0,ANP
BRAF,13522,7m0v,in,out,INACTIVE,3.16,Human,A,8.0,ANP
BRAF,13523,7m0x,in,out,INACTIVE,2.47,Human,A,8.0,ANP
BRAF,13524,7m0x,in,out,INACTIVE,2.47,Human,A,8.0,ANP
BRAF,13525,7m0t,in,out,INACTIVE,3.19,Human,A,8.0,ANP
BRAF,13526,7m0v,in,out,INACTIVE,3.16,Human,A,8.0,ANP
BRAF,13527,7m0u,in,out,INACTIVE,3.09,Human,A,8.0,ANP
BRAF,13528,7m0w,in,out,INACTIVE,3.09,Human,A,8.0,ANP
BRAF,13618,6xlo,out,in,INACTIVE,2.493,Human,A,7.2,V5J
BRAF,13616,7k0v,out,in,INACTIVE,1.93,Human,A,6.4,VQP
BRAF,13617,7k0v,out,in,INACTIVE,1.93,Human,A,6.4,VQP
BRAF,13961,7p3v,in,out,INACTIVE,2.37,Human,A,9.2,5I4
BRAF,14630,8c7x,out,out,INACTIVE,1.65,Human,A,7.2,TXV
BRAF,14627,8c7x,out,out,INACTIVE,1.65,Human,A,7.2,TXV
BRAF,14628,8c7y,out,in,INACTIVE,1.65,Human,A,7.2,TXV
BRAF,14629,8c7y,out,in,INACTIVE,1.65,Human,A,7.2,TXV
BRAF,14705,8f7p,out,in,INACTIVE,2.74,Human,A,7.2,K81
BRAF,14702,8f7p,out,in,INACTIVE,2.74,Human,A,7.2,K81
BRAF,14703,8f7o,out,in,INACTIVE,3.54,Human,A,6.4,QOP
BRAF,14704,8f7o,out,in,INACTIVE,3.54,Human,A,6.4,QOP
BRAF,14829,8dgs,in,out,INACTIVE,4.3,Human,A,8.0,AGS
BRAF,14830,8dgt,in,out,INACTIVE,3.9,Human,A,8.0,AGS
BRAF,14831,8dgs,in,out,INACTIVE,4.3,Human,A,8.0,AGS
BRAF,14832,8dgt,in,out,INACTIVE,3.9,Human,A,8.0,AGS
BRAF,15178,8qqg,out,in,INACTIVE,2.979,Human,A,6.4,WJ9
BRAF,15179,8qqg,out,in,INACTIVE,2.979,Human,A,6.4,WJ9
BRAF,15365,9bfb,in,out,INACTIVE,1.92,Human,A,8.0,A1AN9
BRAF,15366,9bfb,in,out,INACTIVE,1.92,Human,A,8.0,A1AN9
BRAF,7055,5jsm,in,out,INACTIVE,2.19,Human,D,9.5,0
BRAF,3056,4h58,out,in,INACTIVE,3.1,Human,C,6.8,0
BRAF,7053,5jsm,in,out,INACTIVE,2.19,Human,D,9.5,0
BRAF,14077,7mfd,in,out,INACTIVE,3.66,Human,A,8.0,0
BRAF,7056,5jsm,in,out,INACTIVE,2.19,Human,A,9.2,0
BRAF,11641,6uan,in,out,INACTIVE,0.0,Human,B,8.0,0
BRAF,7057,5jt2,in,out,INACTIVE,2.7,Human,B,8.4,0
BRAF,14078,7mfe,in,out,INACTIVE,4.07,Human,A,8.0,0
BRAF,7058,5jsm,in,out,INACTIVE,2.19,Human,A,9.2,0
BRAF,7066,5jt2,in,out,INACTIVE,2.7,Human,D,9.0,0
BRAF,3114,4h58,out,in,INACTIVE,3.1,Human,C,6.8,0
BRAF,11642,6uan,in,out,INACTIVE,0.0,Human,C,8.0,0
ABL1,1046,3cs9,out,in,INACTIVE,2.21,Human,C,7.2,NIL
ABL1,1071,3pyy,out,in,INACTIVE,1.85,Human,A,7.6,STI
ABL1,1047,3qri,out,in,INACTIVE,2.1,Human,A,8.0,919
ABL1,1048,2hyy,out,in,INACTIVE,2.4,Human,C,9.2,STI
ABL1,1109,2hz0,out,in,INACTIVE,2.1,Human,B,5.8,GIN
ABL1,1062,3pyy,out,in,INACTIVE,1.85,Human,B,8.5,STI
ABL1,1049,3pyy,out,in,INACTIVE,1.85,Human,A,7.6,STI
ABL1,1050,3cs9,out,in,INACTIVE,2.21,Human,B,7.2,NIL
ABL1,1065,2e2b,out,in,INACTIVE,2.2,Human,B,7.6,406
ABL1,1051,3qri,out,in,INACTIVE,2.1,Human,A,8.0,919
ABL1,1052,2hz0,out,in,INACTIVE,2.1,Human,A,9.5,GIN
ABL1,1083,2hz0,out,in,INACTIVE,2.1,Human,A,9.5,GIN
ABL1,1066,3cs9,out,in,INACTIVE,2.21,Human,D,9.2,NIL
ABL1,1076,3qri,out,in,INACTIVE,2.1,Human,B,9.7,919
ABL1,1107,3cs9,out,in,INACTIVE,2.21,Human,A,7.6,NIL
ABL1,1095,2hz0,out,in,INACTIVE,2.1,Human,B,5.8,GIN
ABL1,1068,2hyy,out,in,INACTIVE,2.4,Human,D,8.9,STI
ABL1,1054,2e2b,out,in,INACTIVE,2.2,Human,A,7.6,406
ABL1,1077,3cs9,out,in,INACTIVE,2.21,Human,D,9.2,NIL
ABL1,1069,2hiw,out,in,INACTIVE,2.2,Human,A,8.0,7MP
ABL1,1056,3qrk,out,in,INACTIVE,2.3,Human,A,8.0,9DP
ABL1,1092,2hyy,out,in,INACTIVE,2.4,Human,A,7.7,STI
ABL1,1101,3qrj,out,in,INACTIVE,1.82,Human,B,8.3,919
ABL1,1085,3qrj,out,in,INACTIVE,1.82,Human,A,9.2,919
ABL1,1070,3qrj,out,in,INACTIVE,1.82,Human,B,8.3,919
ABL1,1078,2hyy,out,in,INACTIVE,2.4,Human,B,8.8,STI
ABL1,1098,3pyy,out,in,INACTIVE,1.85,Human,B,8.5,STI
ABL1,1080,3cs9,out,in,INACTIVE,2.21,Human,A,7.6,NIL
ABL1,1093,3cs9,out,in,INACTIVE,2.21,Human,C,7.2,NIL
ABL1,1099,3qrj,out,in,INACTIVE,1.82,Human,A,9.2,919
ABL1,1103,3qri,out,in,INACTIVE,2.1,Human,B,9.7,919
ABL1,1110,2hiw,out,in,INACTIVE,2.2,Human,B,7.6,7MP
ABL1,1112,3cs9,out,in,INACTIVE,2.21,Human,B,7.2,NIL
ABL1,6754,5hu9,out,in,INACTIVE,1.53,Human,A,7.6,66K
ABL1,6755,5hu9,out,in,INACTIVE,1.53,Human,A,7.6,66K
ABL1,7526,5mo4,out,in,INACTIVE,2.17,Human,A,8.0,NIL
ABL1,7527,5mo4,out,in,INACTIVE,2.17,Human,A,8.0,NIL
ABL1,10942,6npu,out,in,INACTIVE,2.33,Human,A,7.6,STI
ABL1,10943,6npe,out,in,INACTIVE,2.15,Human,A,7.6,STI
ABL1,10944,6npu,out,in,INACTIVE,2.33,Human,B,8.5,STI
ABL1,10945,6npe,out,in,INACTIVE,2.15,Human,B,8.9,STI
ABL1,10946,6npe,out,in,INACTIVE,2.15,Human,A,7.6,STI
ABL1,10947,6npe,out,in,INACTIVE,2.15,Human,B,8.9,STI
ABL1,10948,6npv,out,in,INACTIVE,1.86,Human,A,7.6,STI
ABL1,10949,6npv,out,in,INACTIVE,1.86,Human,B,8.9,STI
ABL1,10950,6npv,out,in,INACTIVE,1.86,Human,B,8.9,STI
ABL1,10951,6npv,out,in,INACTIVE,1.86,Human,A,7.6,STI
ABL1,14878,8ssn,in,out,INACTIVE,2.86,Human,A,6.8,SKI
ABL1,12904,6xrg,out,in,INACTIVE,0.0,Human,A,7.2,0
ABL1,12882,6xrg,out,in,INACTIVE,0.0,Human,A,7.2,0
ABL1,1105,2g1t,in,out,INACTIVE,1.8,Human,B,8.0,0
ABL1,12868,6xrg,out,in,INACTIVE,0.0,Human,A,7.6,0
ABL1,12886,6xrg,out,in,INACTIVE,0.0,Human,A,7.2,0
ABL1,12864,6xrg,out,in,INACTIVE,0.0,Human,A,7.2,0
ABL1,12895,6xrg,out,out,INACTIVE,0.0,Human,A,7.2,0
ABL1,12903,6xr7,out,in,INACTIVE,0.0,Human,A,8.0,0
ABL1,12887,6xrg,out,in,INACTIVE,0.0,Human,A,7.6,0
ABL1,12911,6xrg,out,in,INACTIVE,0.0,Human,A,7.2,0
ABL1,12875,6xrg,out,in,INACTIVE,0.0,Human,A,6.8,0
ABL1,1045,2g1t,in,out,INACTIVE,1.8,Human,A,8.0,0
ABL1,1064,2g1t,in,out,INACTIVE,1.8,Human,C,8.0,0
ABL1,12899,6xrg,out,in,INACTIVE,0.0,Human,A,7.2,0
ABL1,12884,6xrg,out,in,INACTIVE,0.0,Human,A,7.6,0
ABL1,12890,6xrg,out,in,INACTIVE,0.0,Human,A,7.2,0
ABL1,12893,6xrg,out,in,INACTIVE,0.0,Human,A,7.2,0
ABL1,12877,6xrg,out,in,INACTIVE,0.0,Human,A,7.2,0
ABL1,1096,2g1t,in,out,INACTIVE,1.8,Human,D,8.0,0
ABL1,12876,6xrg,out,in,INACTIVE,0.0,Human,A,7.2,0
ABL1,12889,6xrg,out,in,INACTIVE,0.0,Human,A,7.2,0
ABL1,12916,6xrg,out,in,INACTIVE,0.0,Human,A,7.2,0
ABL1,12880,6xrg,out,in,INACTIVE,0.0,Human,A,7.2,0
ABL1,12891,6xrg,out,in,INACTIVE,0.0,Human,A,7.2,0
ABL1,12888,6xrg,out,in,INACTIVE,0.0,Human,A,7.2,0
KIT,396,4u0i,out,in,INACTIVE,2.0,Human,A,7.6,0LI
KIT,398,3g0e,out,in,INACTIVE,1.6,Human,A,7.2,B49
KIT,400,3g0f,out,in,INACTIVE,2.6,Human,B,8.0,B49
KIT,401,3g0e,out,in,INACTIVE,1.6,Human,A,7.2,B49
KIT,393,1t46,out,in,INACTIVE,1.6,Human,A,7.6,STI
KIT,395,3g0f,out,in,INACTIVE,2.6,Human,A,8.0,B49
KIT,404,1t46,out,in,INACTIVE,1.6,Human,A,7.6,STI
KIT,403,4hvs,out,in,INACTIVE,1.9,Human,A,7.2,647
KIT,405,4u0i,out,in,INACTIVE,2.0,Human,A,7.6,0LI
KIT,10354,6gqj,out,in,INACTIVE,2.33,Human,A,7.6,F82
KIT,10355,6gqk,out,in,INACTIVE,2.31,Human,A,7.6,F88
KIT,10356,6gqj,out,in,INACTIVE,2.33,Human,B,7.6,F82
KIT,10357,6gql,out,in,INACTIVE,2.01,Human,B,7.6,F8B
KIT,10358,6gqj,out,in,INACTIVE,2.33,Human,B,7.6,F82
KIT,10359,6gqm,out,in,INACTIVE,2.0,Human,A,7.6,F8H
KIT,10360,6gqk,out,in,INACTIVE,2.31,Human,B,7.6,F88
KIT,10361,6gqm,out,in,INACTIVE,2.0,Human,B,7.6,F8H
KIT,10353,6gqk,out,in,INACTIVE,2.31,Human,A,7.6,F88
KIT,10362,6gql,out,in,INACTIVE,2.01,Human,A,7.6,F8B
KIT,10363,6gqk,out,in,INACTIVE,2.31,Human,B,7.6,F88
KIT,10364,6gqj,out,in,INACTIVE,2.33,Human,A,7.6,F82
KIT,11469,6mob,out,in,INACTIVE,1.8,Human,A,8.0,JWY
KIT,11470,6mob,out,in,INACTIVE,1.8,Human,A,8.0,JWY
KIT,11628,6hh1,out,in,INACTIVE,2.25,Human,A,8.0,G4E
KIT,11629,6hh1,out,in,INACTIVE,2.25,Human,A,8.0,G4E
KIT,11824,6itt,out,in,INACTIVE,2.1,Human,A,7.6,AWO
KIT,11825,6kla,out,in,INACTIVE,2.11,Human,A,7.6,DJX
KIT,11820,6itt,out,in,INACTIVE,2.1,Human,B,7.6,AWO
KIT,11826,6itt,out,in,INACTIVE,2.1,Human,A,7.6,AWO
KIT,11821,6itt,out,in,INACTIVE,2.1,Human,B,7.6,AWO
KIT,11822,6itv,out,in,INACTIVE,1.88,Human,A,7.6,AWO
KIT,11827,6itv,out,in,INACTIVE,1.88,Human,A,7.6,AWO
KIT,11823,6kla,out,in,INACTIVE,2.11,Human,A,7.6,DJX
KIT,12284,6xva,out,in,INACTIVE,2.3,Human,A,7.6,O2K
KIT,12279,6xvb,out,in,INACTIVE,2.15,Human,A,7.6,O2H
KIT,12280,6xvb,out,in,INACTIVE,2.15,Human,B,7.6,O2H
KIT,12281,6xva,out,in,INACTIVE,2.3,Human,B,7.6,O2K
KIT,12282,6xv9,out,in,INACTIVE,3.38,Human,A,7.6,O35
KIT,12283,6xv9,out,in,INACTIVE,3.38,Human,B,7.6,O35
KIT,13786,7khg,out,in,INACTIVE,2.15,Human,A,7.2,P31
KIT,13788,7khg,out,in,INACTIVE,2.15,Human,A,7.2,P31
KIT,14624,7zw8,out,in,INACTIVE,2.119,Human,A,7.2,K3R
KIT,14622,7zw8,out,in,INACTIVE,2.119,Human,A,7.2,K3R
KIT,14623,7zy6,out,in,INACTIVE,3.09,Human,A,7.6,KCI
KIT,399,1t45,out,in,INACTIVE,1.9,Human,A,7.2,0
KIT,14679,8dfq,out-like,out,INACTIVE,3.96,Human,A,1.6,0
KIT,14677,8dfm,out-like,out,INACTIVE,3.45,Human,A,2.0,0
KIT,394,1t45,out,in,INACTIVE,1.9,Human,A,7.2,0
KIT,14678,8dfp,out,out,INACTIVE,3.17,Human,A,2.0,0
PDGFRA,9478,5grn,out,in,INACTIVE,1.77,Human,A,9.3,748
PDGFRA,9479,5grn,out,in,INACTIVE,1.77,Human,A,9.3,748
PDGFRA,12103,6jol,out,in,INACTIVE,1.9,Human,A,8.0,STI
PDGFRA,12105,6jok,out,in,INACTIVE,3.8,Human,A,8.6,B49
PDGFRA,12102,6joi,in,out,INACTIVE,3.1,Human,A,9.0,6T2
PDGFRA,11327,6a32,out,in,INACTIVE,1.87,Human,A,7.2,0
PDGFRA,15106,8pqj,out,in,INACTIVE,1.82,Human,A,7.2,0
PDGFRA,6962,5k5x,out,in,INACTIVE,2.17,Human,A,8.6,0
PDGFRA,15105,8pqj,out,in,INACTIVE,1.82,Human,A,7.2,0
PDGFRA,15108,8pqk,out,in,INACTIVE,2.0,Human,A,7.2,0
PDGFRA,15110,8pqk,out,in,INACTIVE,2.0,Human,A,7.2,0
FGFR1,3497,4v01,out,in,INACTIVE,2.33,Human,B,6.9,0LI
FGFR1,3524,4v04,out,in,INACTIVE,2.12,Human,B,8.6,0LI
FGFR1,3542,4v04,out,in,INACTIVE,2.12,Human,A,7.2,0LI
FGFR1,3556,4v01,out,in,INACTIVE,2.33,Human,A,6.9,0LI
FGFR1,3590,4v01,out,in,INACTIVE,2.33,Human,A,6.9,0LI
FGFR1,3594,4v01,out,in,INACTIVE,2.33,Human,B,6.9,0LI
